user_id,destination_id,rating,visited_on,review_text
1,64,5,2025-10-20,
1,12,3,2024-10-22,
1,32,5,2024-11-27,Easily one of my best trips.
1,29,4,2025-03-13,
1,4,3,2025-12-14,"Some parts were great, others forgettable."
1,19,4,2026-01-07,"Really enjoyed it, a few crowded spots."
1,48,5,2026-05-01,
1,14,3,2023-12-19,
1,35,4,2025-03-21,
1,65,3,2025-01-22,
1,66,5,2024-03-04,
2,58,5,2025-02-12,
2,60,4,2026-03-18,"Lovely place, food was a highlight."
2,15,2,2025-02-25,Weather spoiled most of the visit.
3,19,4,2024-03-10,
3,52,4,2024-08-09,"Really enjoyed it, a few crowded spots."
3,21,3,2024-03-27,
3,23,4,2026-04-11,
3,59,2,2023-06-21,
3,14,4,2023-11-09,
3,11,4,2024-10-16,
3,20,4,2025-12-27,
3,35,3,2026-04-23,
3,48,4,2024-03-09,
3,66,5,2026-03-27,
3,26,3,2023-03-13,"Decent, but not what I expected."
3,10,4,2023-11-18,
3,32,4,2024-11-09,
3,65,3,2023-10-12,
3,43,2,2025-09-10,
4,50,3,2023-04-01,
4,64,2,2023-03-20,Would not prioritise this again.
4,1,3,2023-03-07,
4,54,2,2023-04-15,
4,21,1,2023-07-17,Skip it unless you really have to go.
4,62,3,2023-03-05,
4,26,2,2024-01-10,Weather spoiled most of the visit.
4,41,2,2023-05-24,Weather spoiled most of the visit.
4,52,3,2025-11-12,
4,66,3,2026-01-21,
4,32,3,2026-03-23,
4,23,3,2026-02-19,
4,49,3,2024-05-20,Fine for a short stop.
4,36,2,2023-02-25,
4,18,2,2023-02-15,
5,21,4,2023-12-04,
5,59,5,2023-04-14,
5,47,4,2024-12-25,"Really enjoyed it, a few crowded spots."
5,62,4,2025-12-17,
5,17,4,2023-11-03,
5,60,4,2024-02-03,
5,43,3,2024-12-21,
5,26,4,2025-12-01,
6,8,5,2023-11-03,
6,66,5,2024-03-28,
6,19,5,2024-12-24,
6,10,5,2025-12-19,Worth every rupee and every hour of travel.
6,26,5,2025-11-26,
6,11,5,2026-01-08,
6,1,4,2024-12-05,
7,23,5,2026-05-05,Easily one of my best trips.
7,38,3,2026-04-25,"Some parts were great, others forgettable."
7,28,3,2024-09-21,"Decent, but not what I expected."
7,19,5,2023-07-18,
7,15,4,2023-04-15,
7,62,4,2025-05-27,"Great trip, plan more days than we did."
7,61,3,2025-04-10,
8,19,5,2026-03-27,
8,66,5,2023-11-08,Worth every rupee and every hour of travel.
8,11,4,2024-02-17,
9,15,5,2024-10-02,
9,20,3,2026-01-03,
9,23,5,2025-05-06,
9,13,4,2025-12-07,
9,1,3,2025-10-10,
9,48,4,2023-09-28,
9,10,3,2023-01-06,
10,1,4,2023-01-05,"Great trip, plan more days than we did."
10,14,2,2023-11-07,
10,60,5,2026-03-23,"Unforgettable, would go again tomorrow."
10,49,3,2025-10-13,"Some parts were great, others forgettable."
10,11,3,2025-10-23,
10,36,4,2024-10-02,
10,7,3,2024-12-05,
10,21,3,2025-06-27,
10,44,3,2024-10-09,
10,58,5,2026-03-11,Worth every rupee and every hour of travel.
11,65,4,2025-03-17,
11,19,3,2023-02-15,
11,37,3,2024-11-12,
11,1,2,2023-10-07,
11,43,2,2026-01-01,
11,33,2,2024-08-18,
11,52,3,2025-12-13,
11,64,4,2023-12-10,"Great trip, plan more days than we did."
11,30,1,2023-05-12,
11,25,4,2025-11-18,
11,57,3,2024-10-11,
11,14,5,2023-01-15,Worth every rupee and every hour of travel.
11,17,4,2025-11-04,
11,31,4,2026-03-02,
11,12,4,2026-02-02,
11,42,2,2025-11-06,
11,41,5,2026-05-24,
11,63,4,2024-03-26,
12,10,4,2025-08-18,
12,23,5,2024-05-18,Worth every rupee and every hour of travel.
12,30,4,2026-05-06,
12,59,5,2023-04-23,
12,29,4,2025-06-24,"Really enjoyed it, a few crowded spots."
12,42,2,2023-03-13,
13,29,5,2025-03-21,
13,30,5,2025-04-26,Easily one of my best trips.
13,65,5,2025-11-06,"Unforgettable, would go again tomorrow."
13,38,4,2023-06-05,
14,23,4,2026-04-17,
14,22,5,2024-10-16,
14,53,4,2023-06-24,"Lovely place, food was a highlight."
14,59,3,2023-06-04,
14,37,4,2024-06-10,
14,45,5,2023-03-02,"Unforgettable, would go again tomorrow."
14,57,4,2023-03-19,
14,66,3,2023-03-26,
14,54,5,2026-04-27,
14,58,3,2023-01-20,"Decent, but not what I expected."
15,14,5,2023-11-18,
15,13,3,2024-02-15,"Decent, but not what I expected."
15,60,5,2024-01-01,
15,12,5,2024-01-11,
15,32,3,2026-06-02,
15,37,4,2023-06-17,
15,4,4,2023-03-13,
15,7,3,2025-09-05,
15,25,4,2025-11-19,"Lovely place, food was a highlight."
16,63,3,2025-12-13,
16,60,4,2026-05-25,"Great trip, plan more days than we did."
16,23,3,2023-09-25,
16,41,5,2024-10-23,
16,54,4,2023-10-18,
16,4,2,2023-12-02,
16,14,5,2025-01-10,
17,15,3,2026-02-27,Fine for a short stop.
17,40,2,2026-03-22,Would not prioritise this again.
17,22,3,2023-11-16,
18,41,5,2023-10-01,
18,64,4,2025-12-18,"Really enjoyed it, a few crowded spots."
18,65,5,2024-12-05,
18,19,5,2023-12-24,
18,12,3,2024-01-08,"Some parts were great, others forgettable."
18,10,4,2023-03-10,
18,1,2,2025-12-15,
19,13,2,2025-10-24,
19,8,4,2023-12-11,
19,43,3,2023-12-06,
19,12,4,2025-10-23,
19,7,3,2025-11-14,
20,64,5,2026-03-18,
20,66,4,2025-10-20,
20,1,4,2023-02-15,
20,60,2,2023-03-28,
20,57,2,2023-07-21,
20,31,3,2025-05-22,
21,15,3,2023-11-11,Fine for a short stop.
21,32,3,2023-05-13,Fine for a short stop.
21,3,3,2023-12-06,
21,23,4,2025-10-12,
21,14,2,2026-02-28,
21,31,4,2025-12-08,"Great trip, plan more days than we did."
22,11,5,2023-11-06,
22,62,5,2025-02-15,"Unforgettable, would go again tomorrow."
22,21,5,2025-11-21,
23,10,3,2025-12-03,
23,14,3,2026-05-26,"Decent, but not what I expected."
23,19,5,2025-11-02,
23,8,2,2025-10-22,
23,23,3,2023-10-26,
23,30,3,2024-10-19,"Some parts were great, others forgettable."
24,60,5,2025-12-11,
24,21,4,2025-01-02,
24,64,4,2025-12-27,"Really enjoyed it, a few crowded spots."
24,59,4,2024-01-21,"Really enjoyed it, a few crowded spots."
24,15,3,2023-10-13,"Some parts were great, others forgettable."
24,43,5,2026-03-26,
24,18,2,2023-11-10,
24,55,2,2024-03-25,
24,41,3,2025-03-03,"Decent, but not what I expected."
25,1,3,2026-01-17,
25,20,4,2023-01-05,"Lovely place, food was a highlight."
25,36,4,2026-04-10,
25,65,4,2023-09-22,"Lovely place, food was a highlight."
25,23,2,2026-06-18,Too crowded and overpriced for us.
25,3,4,2023-01-02,"Lovely place, food was a highlight."
25,42,4,2026-03-06,
25,28,2,2024-09-15,
25,49,3,2025-11-24,
26,50,5,2023-09-07,Worth every rupee and every hour of travel.
26,17,5,2024-02-01,
26,33,5,2025-09-09,Easily one of my best trips.
26,9,3,2024-02-08,
26,11,5,2024-01-12,
26,49,5,2025-12-23,"Unforgettable, would go again tomorrow."
26,1,5,2024-09-03,Worth every rupee and every hour of travel.
26,62,3,2023-10-05,"Decent, but not what I expected."
26,59,4,2026-05-17,
27,64,4,2025-10-20,
27,16,5,2023-01-25,
27,58,4,2025-01-17,
27,12,4,2025-10-14,
28,45,4,2026-01-23,
28,41,5,2025-11-26,
28,35,5,2025-09-21,
28,31,5,2025-09-14,Worth every rupee and every hour of travel.
28,12,3,2025-12-02,"Some parts were great, others forgettable."
28,22,4,2025-11-04,
28,23,4,2026-04-07,"Really enjoyed it, a few crowded spots."
28,57,3,2023-02-11,Fine for a short stop.
28,20,4,2024-02-02,
28,10,3,2026-02-18,
29,26,5,2024-10-18,
29,35,5,2026-02-11,
29,19,5,2025-11-17,"Unforgettable, would go again tomorrow."
29,14,5,2023-12-24,Easily one of my best trips.
29,8,3,2026-02-09,
29,10,4,2024-07-27,"Great trip, plan more days than we did."
29,65,4,2025-12-14,
29,3,4,2023-02-19,
29,41,4,2025-11-09,
30,59,5,2024-05-26,"Unforgettable, would go again tomorrow."
30,21,5,2024-12-16,
30,58,5,2024-12-15,
30,33,3,2025-08-19,
30,60,5,2023-02-22,Worth every rupee and every hour of travel.
30,65,5,2025-12-15,
30,46,4,2023-11-14,
30,47,5,2026-04-12,
30,30,4,2025-06-21,
30,57,3,2026-04-07,
30,26,3,2026-03-09,
30,38,4,2023-01-15,
30,12,3,2025-02-23,Fine for a short stop.
30,19,4,2024-11-24,
30,23,3,2025-11-01,
31,43,4,2025-10-22,
31,60,5,2025-02-15,
31,8,4,2023-01-09,"Really enjoyed it, a few crowded spots."
31,26,3,2023-01-27,
31,7,5,2025-10-07,
31,37,5,2025-11-10,
31,53,3,2024-10-18,
31,64,4,2024-11-17,"Really enjoyed it, a few crowded spots."
31,12,5,2023-01-06,Worth every rupee and every hour of travel.
32,47,3,2024-02-06,
32,29,5,2025-01-09,
32,23,3,2026-04-19,
32,30,5,2025-10-01,Easily one of my best trips.
32,16,3,2023-10-10,"Decent, but not what I expected."
32,42,4,2023-10-09,"Great trip, plan more days than we did."
32,33,4,2024-01-12,"Really enjoyed it, a few crowded spots."
32,34,4,2025-11-19,"Really enjoyed it, a few crowded spots."
32,62,5,2024-03-25,Easily one of my best trips.
32,27,4,2025-04-05,
33,30,5,2025-11-14,
33,49,3,2023-11-28,"Some parts were great, others forgettable."
33,41,4,2026-03-21,
33,26,4,2024-08-25,
34,64,5,2025-11-18,
34,60,3,2023-01-25,
34,36,4,2025-03-28,
34,8,5,2025-01-08,
34,48,4,2025-05-04,
34,6,3,2024-04-14,
34,11,4,2025-09-07,"Lovely place, food was a highlight."
35,11,4,2023-11-17,"Lovely place, food was a highlight."
35,60,5,2025-12-13,"Unforgettable, would go again tomorrow."
35,9,3,2025-11-01,"Decent, but not what I expected."
35,49,5,2025-09-01,
35,31,3,2025-12-08,
36,64,5,2025-11-26,
36,22,4,2025-06-24,"Really enjoyed it, a few crowded spots."
36,20,4,2023-12-17,
36,63,5,2024-02-01,"Unforgettable, would go again tomorrow."
36,51,4,2025-12-01,
36,31,4,2026-03-14,
36,48,4,2025-10-22,"Really enjoyed it, a few crowded spots."
36,16,4,2023-01-02,"Lovely place, food was a highlight."
36,56,4,2025-10-09,"Lovely place, food was a highlight."
36,23,3,2026-06-19,
36,32,4,2025-05-02,
36,11,4,2025-12-01,"Great trip, plan more days than we did."
36,36,5,2023-02-05,
36,8,5,2023-12-20,Easily one of my best trips.
37,53,4,2023-07-19,"Really enjoyed it, a few crowded spots."
37,16,5,2025-09-04,
37,47,5,2024-10-09,
37,41,5,2024-11-14,
37,35,4,2023-03-08,
37,14,5,2023-01-01,Easily one of my best trips.
37,19,5,2024-11-10,Easily one of my best trips.
37,18,2,2025-10-18,
38,52,4,2026-03-10,"Lovely place, food was a highlight."
38,8,2,2024-01-04,Too crowded and overpriced for us.
38,64,4,2025-12-09,
39,39,4,2025-07-10,
39,35,5,2025-10-25,
39,36,4,2024-10-09,
39,31,5,2024-06-11,
39,5,5,2026-03-11,Easily one of my best trips.
39,14,4,2025-02-09,"Great trip, plan more days than we did."
40,21,5,2025-02-02,Easily one of my best trips.
40,23,5,2024-05-04,
40,9,5,2024-03-25,
40,31,5,2025-06-26,
40,13,5,2025-12-10,
40,7,4,2024-11-02,
41,31,3,2025-06-13,
41,32,3,2026-05-20,
41,46,3,2025-09-07,
42,52,5,2025-07-11,
42,6,5,2025-10-01,Worth every rupee and every hour of travel.
42,41,5,2023-10-17,
42,36,3,2024-04-16,
42,64,2,2025-12-14,
42,3,5,2025-08-16,"Unforgettable, would go again tomorrow."
42,23,4,2024-05-27,
43,57,5,2023-12-08,
43,59,5,2024-06-15,"Unforgettable, would go again tomorrow."
43,38,4,2024-12-12,"Really enjoyed it, a few crowded spots."
43,46,4,2024-08-20,
43,4,5,2024-07-18,Worth every rupee and every hour of travel.
43,1,4,2023-03-10,
43,66,4,2025-10-06,
43,64,5,2025-01-14,
44,9,4,2023-01-24,
44,23,4,2025-09-25,
44,59,5,2024-12-02,
44,46,5,2025-06-06,
44,27,5,2024-09-10,
44,30,5,2024-11-16,
44,28,4,2024-06-14,
45,64,4,2026-03-07,
45,66,5,2024-01-06,
45,58,4,2026-02-04,
46,48,4,2025-03-27,"Great trip, plan more days than we did."
46,46,3,2025-09-20,
46,14,5,2023-12-16,"Unforgettable, would go again tomorrow."
46,35,4,2025-03-01,
46,1,4,2025-11-02,
46,37,4,2023-04-23,
46,64,5,2025-02-13,Worth every rupee and every hour of travel.
46,55,3,2023-11-23,
47,32,3,2025-04-27,"Some parts were great, others forgettable."
47,33,3,2023-07-19,
47,35,4,2023-03-17,"Great trip, plan more days than we did."
47,29,4,2023-06-23,"Lovely place, food was a highlight."
47,56,4,2024-03-13,
47,34,4,2023-11-12,
47,41,3,2024-10-15,
47,16,4,2025-10-25,
48,63,4,2025-10-26,
48,10,4,2023-12-25,
48,66,5,2025-10-12,Worth every rupee and every hour of travel.
48,36,5,2026-03-02,
48,8,5,2025-10-12,
48,35,5,2025-11-10,"Unforgettable, would go again tomorrow."
48,19,5,2025-10-02,
48,23,3,2026-06-17,"Decent, but not what I expected."
49,11,5,2025-11-23,
49,26,4,2023-03-05,
49,60,3,2025-03-08,Fine for a short stop.
50,49,4,2024-11-06,
50,64,5,2025-12-03,
50,43,2,2023-09-05,
50,32,4,2024-04-03,
50,29,3,2024-12-18,
50,60,4,2023-02-24,"Great trip, plan more days than we did."
50,62,2,2024-10-18,Too crowded and overpriced for us.
50,14,5,2024-11-13,
50,25,5,2025-02-20,
50,4,5,2024-12-18,
50,31,4,2026-04-08,
50,3,3,2025-11-20,
50,37,4,2026-05-28,
51,31,5,2025-03-20,
51,41,4,2026-04-18,"Lovely place, food was a highlight."
51,1,4,2025-03-22,
51,58,3,2023-12-23,
51,12,5,2023-11-03,"Unforgettable, would go again tomorrow."
51,22,3,2025-11-28,
51,35,4,2025-11-03,
51,23,5,2026-04-01,
51,54,5,2025-10-21,Worth every rupee and every hour of travel.
51,15,4,2023-10-04,
51,5,3,2025-11-28,"Decent, but not what I expected."
51,28,3,2023-07-05,"Decent, but not what I expected."
52,14,5,2023-06-08,
52,49,3,2025-02-14,
52,3,5,2026-06-14,
52,1,5,2023-11-15,
52,60,4,2025-03-28,"Great trip, plan more days than we did."
53,22,5,2024-11-01,
53,14,5,2025-10-18,
53,60,4,2025-12-21,"Lovely place, food was a highlight."
53,26,4,2026-02-10,
53,20,5,2023-11-01,
53,43,5,2025-02-01,
53,49,4,2025-09-28,"Really enjoyed it, a few crowded spots."
54,12,4,2025-11-07,"Lovely place, food was a highlight."
54,58,5,2025-06-15,
54,14,5,2023-10-22,
55,16,5,2025-09-16,
55,60,4,2024-02-02,"Really enjoyed it, a few crowded spots."
55,21,3,2025-03-26,
55,58,4,2024-04-01,
55,36,4,2025-02-10,
55,13,2,2025-01-20,Weather spoiled most of the visit.
55,22,3,2026-04-28,
55,7,3,2023-04-28,Fine for a short stop.
55,32,4,2026-04-03,
55,64,4,2023-03-07,
56,44,4,2025-03-19,"Really enjoyed it, a few crowded spots."
56,21,3,2024-02-03,
56,49,5,2026-04-01,
56,38,2,2025-06-16,
56,42,4,2025-01-15,
57,57,5,2023-03-20,
57,14,3,2024-02-24,Fine for a short stop.
57,44,3,2024-12-24,
57,49,3,2025-04-12,
57,5,4,2026-03-14,
57,35,4,2023-11-13,"Great trip, plan more days than we did."
58,42,5,2023-03-07,
58,63,2,2024-12-08,Too crowded and overpriced for us.
58,9,2,2023-11-24,
58,60,2,2024-03-04,
58,31,4,2024-01-28,
58,16,2,2025-05-13,
58,23,3,2023-05-27,
58,26,2,2024-03-08,
58,34,3,2023-09-03,"Decent, but not what I expected."
58,25,3,2024-09-10,
58,51,4,2024-10-21,
58,2,1,2025-06-12,Not for us at all.
59,30,2,2026-04-01,Weather spoiled most of the visit.
59,41,5,2024-05-12,
59,23,5,2025-10-15,Worth every rupee and every hour of travel.
59,25,4,2023-12-16,
59,60,4,2025-03-08,"Great trip, plan more days than we did."
59,31,4,2024-12-03,
59,58,4,2024-02-09,"Lovely place, food was a highlight."
59,12,5,2023-08-27,
59,19,5,2025-10-20,
59,14,5,2024-07-09,Worth every rupee and every hour of travel.
59,62,4,2024-07-22,"Great trip, plan more days than we did."
59,15,4,2023-12-23,"Great trip, plan more days than we did."
59,9,3,2025-01-12,
59,4,4,2025-11-27,
59,26,4,2023-03-16,"Really enjoyed it, a few crowded spots."
59,52,3,2024-09-11,
60,41,3,2025-09-23,"Some parts were great, others forgettable."
60,51,5,2023-02-20,Worth every rupee and every hour of travel.
60,15,3,2025-09-13,
60,12,2,2023-02-27,
60,63,4,2024-02-17,
60,29,4,2026-05-08,
60,35,5,2023-05-19,
60,7,3,2025-03-19,Fine for a short stop.
60,20,4,2026-02-11,
60,30,5,2025-03-11,
60,59,3,2023-02-23,
60,46,3,2025-09-17,
60,14,2,2026-02-27,Too crowded and overpriced for us.
60,21,3,2023-12-07,"Decent, but not what I expected."
60,33,4,2023-06-07,
60,27,5,2023-06-18,
60,22,3,2023-04-26,Fine for a short stop.
60,11,4,2025-02-23,
60,36,3,2025-11-23,
60,19,5,2023-01-06,
60,58,4,2023-04-20,"Great trip, plan more days than we did."
60,47,3,2024-12-27,
60,23,4,2024-06-19,
60,66,2,2023-01-22,Would not prioritise this again.
60,16,4,2025-11-18,
60,26,2,2025-10-09,
60,42,3,2024-01-17,
60,56,1,2025-11-18,
61,3,4,2024-01-05,
61,52,5,2024-02-08,
61,18,5,2025-10-15,
61,33,5,2023-07-17,
62,58,3,2023-03-27,
62,45,5,2023-10-13,
62,16,5,2025-09-04,
62,11,5,2023-03-05,
62,57,4,2024-03-15,
62,37,4,2024-11-02,"Really enjoyed it, a few crowded spots."
62,63,5,2025-11-24,
62,19,3,2025-03-02,
62,54,3,2025-10-02,
62,60,3,2025-02-03,
63,1,4,2025-01-21,
63,57,4,2023-09-13,
63,23,3,2023-06-20,
64,37,5,2025-04-20,
64,60,5,2026-01-26,Easily one of my best trips.
64,43,5,2024-11-06,
64,32,5,2023-06-11,
65,60,4,2025-02-15,
65,23,3,2025-05-19,
65,63,3,2024-03-09,
65,31,5,2024-12-21,
65,18,4,2025-08-09,"Great trip, plan more days than we did."
66,14,5,2026-01-11,
66,1,3,2023-10-23,
66,58,4,2026-01-22,
66,31,4,2025-02-24,
66,12,5,2023-11-08,
66,43,5,2026-02-20,Easily one of my best trips.
66,60,4,2023-03-03,"Really enjoyed it, a few crowded spots."
66,57,3,2024-03-13,
66,49,3,2024-02-12,
66,55,3,2024-02-15,
67,30,5,2025-06-01,
67,34,5,2025-09-02,Easily one of my best trips.
67,35,5,2024-10-13,"Unforgettable, would go again tomorrow."
67,7,5,2024-02-17,"Unforgettable, would go again tomorrow."
67,40,5,2026-03-06,
67,15,3,2025-03-03,
67,60,5,2023-04-26,
67,14,5,2024-12-09,Easily one of my best trips.
67,12,4,2024-05-08,"Lovely place, food was a highlight."
67,38,5,2023-11-24,
67,27,5,2024-08-15,"Unforgettable, would go again tomorrow."
67,39,3,2024-07-17,
67,29,5,2023-02-10,
67,31,4,2024-04-18,"Really enjoyed it, a few crowded spots."
67,25,4,2023-12-02,"Great trip, plan more days than we did."
67,1,5,2024-10-27,
67,33,5,2024-09-24,
67,46,2,2024-07-17,
68,60,5,2023-01-24,
68,28,4,2025-06-27,
68,7,5,2025-10-09,
68,46,5,2024-08-08,
68,35,3,2025-10-26,
69,59,3,2025-11-15,Fine for a short stop.
69,62,4,2023-01-04,"Really enjoyed it, a few crowded spots."
69,11,5,2026-02-07,
69,26,3,2024-03-25,"Some parts were great, others forgettable."
69,46,5,2023-07-27,
69,19,5,2023-02-21,
70,60,5,2025-11-17,"Unforgettable, would go again tomorrow."
70,62,4,2025-10-19,"Really enjoyed it, a few crowded spots."
70,41,5,2025-10-02,
70,19,5,2025-07-27,
70,61,3,2025-10-04,"Some parts were great, others forgettable."
71,62,5,2025-02-14,"Unforgettable, would go again tomorrow."
71,41,4,2023-05-21,"Lovely place, food was a highlight."
71,16,3,2025-11-24,
71,19,5,2025-02-25,
71,10,2,2024-12-20,
71,23,4,2025-05-28,
71,38,4,2023-05-03,
72,59,3,2024-05-04,
72,46,4,2024-09-10,"Really enjoyed it, a few crowded spots."
72,62,4,2025-02-10,
72,11,5,2023-02-25,
72,28,4,2024-06-18,"Great trip, plan more days than we did."
73,11,5,2025-11-07,
73,23,4,2023-05-02,
73,45,5,2025-10-28,Worth every rupee and every hour of travel.
74,41,5,2024-11-14,"Unforgettable, would go again tomorrow."
74,52,4,2024-01-19,
74,23,5,2025-06-15,
74,31,5,2024-05-19,
74,6,2,2023-10-09,Too crowded and overpriced for us.
74,38,5,2026-01-18,"Unforgettable, would go again tomorrow."
74,21,4,2024-10-14,
74,42,5,2025-02-24,Worth every rupee and every hour of travel.
74,9,5,2023-11-24,
74,65,5,2025-12-12,
74,18,4,2024-12-20,
74,33,2,2025-08-22,
74,29,4,2025-07-13,
74,49,3,2024-05-24,"Decent, but not what I expected."
74,60,4,2024-03-26,
74,57,1,2025-10-13,Disappointing from start to finish.
75,65,4,2023-03-08,
75,38,5,2025-07-04,"Unforgettable, would go again tomorrow."
75,31,5,2026-01-12,
75,7,5,2024-01-01,
75,23,4,2024-06-01,
75,44,4,2023-06-19,
76,65,5,2024-11-27,Easily one of my best trips.
76,11,5,2024-12-15,
76,14,5,2025-11-05,Worth every rupee and every hour of travel.
77,41,5,2023-07-24,
77,47,3,2025-11-20,
77,15,4,2025-11-22,
77,12,4,2024-02-11,
77,19,5,2025-08-19,Worth every rupee and every hour of travel.
77,23,4,2023-09-20,
77,4,4,2025-03-06,
77,1,3,2024-01-05,"Decent, but not what I expected."
77,65,4,2023-01-09,
77,57,5,2026-02-03,Easily one of my best trips.
78,25,5,2024-01-01,
78,4,5,2023-12-03,
78,45,4,2024-02-05,
79,43,5,2023-12-06,
79,21,4,2026-03-26,
79,7,5,2025-10-09,
79,47,5,2024-04-27,Worth every rupee and every hour of travel.
79,35,3,2024-10-03,Fine for a short stop.
79,38,5,2025-05-05,
80,60,5,2025-06-21,
80,59,3,2023-04-22,
80,23,3,2024-06-10,
81,20,5,2023-12-19,
81,19,5,2025-12-27,Easily one of my best trips.
81,31,3,2024-03-25,"Decent, but not what I expected."
81,30,4,2025-06-12,
81,43,3,2024-09-04,"Some parts were great, others forgettable."
81,46,4,2024-07-04,
81,27,4,2025-06-25,
81,49,4,2024-03-26,
81,21,5,2025-11-07,
81,1,4,2025-10-09,
81,32,2,2024-04-28,
81,18,2,2025-09-20,
82,43,4,2026-01-10,
82,58,5,2026-04-26,
82,10,4,2026-02-23,
82,3,4,2025-10-14,"Really enjoyed it, a few crowded spots."
82,23,5,2026-05-02,
82,35,5,2026-04-05,Worth every rupee and every hour of travel.
83,10,1,2025-11-13,Not for us at all.
83,21,3,2026-03-20,Fine for a short stop.
83,31,3,2025-08-09,
84,58,5,2025-11-06,
84,16,5,2025-01-07,Worth every rupee and every hour of travel.
84,60,4,2023-04-15,"Really enjoyed it, a few crowded spots."
84,21,4,2025-01-02,
84,1,3,2023-02-14,
84,57,4,2023-01-01,
84,24,2,2024-10-03,Would not prioritise this again.
84,33,4,2025-08-19,"Lovely place, food was a highlight."
85,41,5,2025-10-25,
85,52,5,2025-11-06,
85,63,5,2026-02-10,
85,62,4,2025-01-09,
86,5,4,2026-03-17,"Great trip, plan more days than we did."
86,18,3,2024-01-09,
86,37,3,2024-03-03,"Decent, but not what I expected."
86,31,3,2025-05-08,
86,42,3,2024-12-11,
86,54,3,2026-05-02,
87,62,5,2024-12-09,Worth every rupee and every hour of travel.
87,31,3,2024-12-15,
87,26,5,2026-02-18,
87,42,3,2025-01-22,"Decent, but not what I expected."
87,57,3,2023-03-28,Fine for a short stop.
87,11,5,2026-01-21,Worth every rupee and every hour of travel.
88,62,4,2024-11-04,"Really enjoyed it, a few crowded spots."
88,26,4,2024-10-13,
88,11,3,2025-12-19,
89,12,4,2023-05-11,
89,10,4,2025-12-19,
89,66,5,2025-08-11,
90,41,5,2023-11-16,
90,37,4,2024-05-22,
90,56,3,2026-01-24,Fine for a short stop.
90,31,5,2023-01-11,
90,60,5,2024-02-20,
90,15,5,2026-01-28,
90,23,5,2025-10-18,Easily one of my best trips.
91,23,3,2023-06-03,
91,64,4,2026-03-10,
91,33,2,2025-09-15,Too crowded and overpriced for us.
91,7,4,2023-05-25,"Great trip, plan more days than we did."
91,44,4,2023-12-01,
91,65,3,2024-11-21,Fine for a short stop.
91,31,4,2023-12-22,
91,41,4,2023-11-07,
91,9,3,2026-04-24,"Decent, but not what I expected."
91,43,4,2025-10-21,"Lovely place, food was a highlight."
91,45,5,2024-03-17,Worth every rupee and every hour of travel.
91,25,2,2026-01-18,
91,60,5,2025-12-23,Easily one of my best trips.
91,1,2,2025-11-27,Too crowded and overpriced for us.
91,22,2,2025-11-27,
91,13,4,2023-07-17,
91,18,3,2025-11-19,
91,54,4,2026-03-09,"Really enjoyed it, a few crowded spots."
91,15,4,2026-06-13,
91,58,5,2024-06-12,
91,59,4,2025-11-08,
92,41,4,2023-10-24,
92,4,5,2025-12-17,Easily one of my best trips.
92,30,4,2024-05-10,
92,1,4,2025-11-09,
93,19,5,2025-11-22,
93,32,3,2023-11-11,
93,15,4,2024-02-03,
93,41,5,2024-10-28,
93,14,4,2026-01-15,"Lovely place, food was a highlight."
93,8,3,2024-01-18,
93,23,3,2023-05-02,
94,12,4,2023-10-12,
94,60,4,2024-01-09,"Really enjoyed it, a few crowded spots."
94,4,5,2023-03-19,
94,41,4,2024-05-23,"Really enjoyed it, a few crowded spots."
94,65,5,2025-10-08,
94,44,3,2026-05-19,"Decent, but not what I expected."
94,3,5,2023-01-01,
94,64,3,2023-01-25,
94,21,3,2025-01-21,
94,42,4,2023-10-17,"Great trip, plan more days than we did."
94,63,5,2026-02-20,
94,23,4,2025-09-22,"Really enjoyed it, a few crowded spots."
94,29,4,2024-01-27,
94,16,4,2023-06-09,
95,12,5,2024-11-03,
95,14,5,2024-10-21,"Unforgettable, would go again tomorrow."
95,1,4,2025-10-28,
95,60,3,2026-03-04,
95,28,3,2026-04-03,
95,46,2,2023-11-20,
95,4,4,2025-11-11,"Lovely place, food was a highlight."
95,35,3,2025-04-08,
95,39,4,2024-08-21,
95,57,4,2025-11-17,"Great trip, plan more days than we did."
96,16,3,2024-12-19,
96,1,3,2025-02-11,
96,64,3,2024-09-24,
96,66,4,2023-01-09,
96,51,3,2023-11-25,
96,13,2,2025-10-16,
96,63,4,2024-11-17,"Great trip, plan more days than we did."
97,29,4,2025-12-01,
97,59,3,2023-04-01,
97,60,4,2026-04-23,"Lovely place, food was a highlight."
97,23,3,2023-02-21,
97,16,2,2025-12-23,
97,30,4,2025-12-15,
97,7,4,2025-02-28,
97,38,4,2024-11-20,
97,58,5,2026-06-22,
97,63,3,2024-12-25,
98,31,5,2025-01-23,
98,12,5,2025-11-08,
98,3,5,2025-12-19,
98,43,5,2025-01-24,
98,10,2,2025-12-02,
98,14,5,2023-11-07,
98,8,4,2025-02-07,
98,41,5,2025-11-18,
98,4,5,2023-10-17,
98,36,5,2024-03-12,
98,66,5,2023-11-24,Worth every rupee and every hour of travel.
98,55,4,2024-03-08,
98,64,4,2023-03-04,
98,6,4,2024-10-24,
98,37,3,2023-10-16,Fine for a short stop.
98,57,5,2023-12-22,Worth every rupee and every hour of travel.
98,32,4,2024-09-17,
99,41,4,2024-05-08,"Really enjoyed it, a few crowded spots."
99,23,4,2024-09-16,
99,19,4,2023-01-23,
99,62,4,2024-03-25,
99,46,3,2023-11-10,"Some parts were great, others forgettable."
100,64,5,2024-02-09,"Unforgettable, would go again tomorrow."
100,23,4,2025-04-19,"Really enjoyed it, a few crowded spots."
100,34,4,2023-06-07,
101,43,2,2024-09-21,Weather spoiled most of the visit.
101,63,3,2025-12-07,
101,66,4,2023-07-12,
102,43,5,2023-10-21,
102,26,5,2024-10-16,
102,46,1,2025-06-07,Disappointing from start to finish.
103,60,5,2025-10-24,
103,3,5,2024-12-05,
103,1,4,2026-02-06,
103,57,5,2025-08-06,
103,7,4,2024-04-04,"Great trip, plan more days than we did."
103,47,5,2024-02-27,
104,30,5,2025-12-03,
104,29,5,2024-11-13,"Unforgettable, would go again tomorrow."
104,1,5,2025-04-16,Worth every rupee and every hour of travel.
105,65,3,2023-10-10,
105,35,3,2026-03-25,"Some parts were great, others forgettable."
105,1,3,2024-06-23,
105,22,1,2023-04-20,
105,66,3,2025-12-17,"Some parts were great, others forgettable."
105,20,3,2026-03-04,"Some parts were great, others forgettable."
105,42,5,2025-12-10,
105,9,3,2025-03-06,
105,14,3,2024-12-06,
105,53,1,2025-01-23,
105,63,4,2024-10-02,"Really enjoyed it, a few crowded spots."
106,20,5,2025-11-17,
106,42,5,2025-11-17,Worth every rupee and every hour of travel.
106,66,4,2025-11-25,
106,23,4,2025-12-11,
107,8,3,2023-12-09,Fine for a short stop.
107,64,5,2024-10-14,Easily one of my best trips.
107,36,5,2024-03-21,
107,33,5,2026-06-17,
107,62,2,2023-10-03,
107,30,3,2025-08-18,
107,60,4,2026-04-14,
107,32,3,2025-10-19,
107,29,5,2024-10-10,
107,20,2,2024-12-17,
107,49,4,2023-01-10,
107,27,5,2025-05-23,
107,43,2,2025-09-28,Weather spoiled most of the visit.
107,35,4,2025-05-24,"Lovely place, food was a highlight."
107,61,1,2023-11-28,
107,5,3,2024-10-28,
107,66,3,2023-09-09,
107,40,5,2025-03-27,"Unforgettable, would go again tomorrow."
108,3,3,2023-12-11,
108,64,5,2025-10-16,
108,62,3,2024-11-06,
108,19,5,2025-01-06,
108,48,4,2026-03-16,
108,57,4,2025-11-04,
108,11,5,2025-10-19,
108,65,5,2023-02-01,
108,12,3,2025-11-23,
109,7,4,2025-01-12,
109,53,2,2024-07-04,Too crowded and overpriced for us.
109,38,4,2025-11-08,
109,43,4,2024-12-16,"Lovely place, food was a highlight."
109,30,5,2025-06-19,
109,60,3,2025-02-02,
109,18,4,2025-10-23,
110,60,4,2023-12-10,"Great trip, plan more days than we did."
110,43,4,2024-07-12,
110,1,3,2023-10-01,
110,2,2,2023-06-12,
110,58,5,2023-05-27,
110,20,3,2025-03-06,
110,46,4,2025-07-07,
110,23,4,2023-04-09,"Lovely place, food was a highlight."
111,62,3,2025-12-04,Fine for a short stop.
111,41,5,2025-10-17,
111,19,5,2023-11-22,
111,3,4,2025-12-25,
111,23,4,2024-10-19,"Great trip, plan more days than we did."
111,12,5,2024-02-05,
111,14,5,2025-01-18,
112,11,4,2025-12-11,
112,23,5,2024-06-19,
112,51,3,2024-08-03,
112,19,5,2023-12-04,
112,26,4,2023-02-19,
112,48,5,2025-04-25,
112,65,4,2025-10-01,"Great trip, plan more days than we did."
112,66,5,2025-11-19,
112,15,4,2023-12-11,
112,41,5,2024-05-06,Easily one of my best trips.
112,32,5,2023-05-16,
112,30,3,2023-06-04,
113,60,5,2023-01-26,Easily one of my best trips.
113,43,3,2023-01-21,Fine for a short stop.
113,41,5,2024-10-03,
113,23,4,2025-09-03,
113,54,5,2025-12-25,
113,58,4,2024-02-04,
113,7,5,2023-02-12,"Unforgettable, would go again tomorrow."
113,9,4,2024-03-10,
114,64,5,2025-07-06,
114,57,4,2025-01-16,"Great trip, plan more days than we did."
114,58,3,2025-06-05,Fine for a short stop.
114,59,4,2023-06-17,"Great trip, plan more days than we did."
114,62,4,2025-02-22,
115,41,5,2026-03-08,
115,55,4,2024-02-20,"Great trip, plan more days than we did."
115,35,5,2025-09-07,
116,1,3,2023-10-08,Fine for a short stop.
116,26,2,2026-03-21,
116,42,4,2024-12-10,"Really enjoyed it, a few crowded spots."
116,51,4,2025-12-22,
116,63,4,2025-03-11,
116,33,3,2025-07-27,
116,29,3,2025-02-25,
116,46,4,2026-06-22,
116,20,4,2023-11-18,
116,16,3,2024-08-14,
116,58,2,2026-06-04,Weather spoiled most of the visit.
116,21,3,2025-10-02,Fine for a short stop.
116,4,3,2024-09-28,
116,44,3,2023-04-14,
117,25,5,2024-11-09,Worth every rupee and every hour of travel.
117,12,5,2024-08-12,"Unforgettable, would go again tomorrow."
117,60,5,2023-04-08,
117,37,5,2026-03-01,
117,14,5,2025-02-06,
117,3,5,2025-11-17,
118,8,5,2023-02-04,Easily one of my best trips.
118,21,4,2025-02-18,
118,14,5,2024-09-07,Easily one of my best trips.
118,43,3,2025-10-13,"Some parts were great, others forgettable."
118,47,5,2024-03-15,"Unforgettable, would go again tomorrow."
118,46,4,2023-10-05,
118,4,5,2023-03-25,
118,12,5,2024-12-27,
118,57,4,2025-12-19,
118,66,5,2026-02-14,Easily one of my best trips.
118,19,3,2024-10-18,
118,2,4,2023-10-28,
118,29,4,2024-05-18,
118,33,4,2024-08-14,
118,64,4,2024-11-21,
118,60,4,2024-01-10,
118,5,3,2026-01-08,
118,59,4,2023-04-04,
118,1,5,2025-12-28,Worth every rupee and every hour of travel.
118,35,5,2026-03-10,"Unforgettable, would go again tomorrow."
118,11,4,2026-01-22,"Lovely place, food was a highlight."
119,64,5,2023-02-24,
119,65,4,2024-10-26,
119,33,3,2025-08-24,
119,54,5,2025-12-07,
119,60,4,2023-02-17,"Lovely place, food was a highlight."
120,16,5,2023-05-06,Worth every rupee and every hour of travel.
120,63,5,2023-05-28,
120,60,4,2025-03-10,
120,58,3,2023-04-02,
120,25,4,2025-12-01,"Great trip, plan more days than we did."
120,38,2,2025-02-20,
120,37,4,2023-10-28,
120,11,3,2023-03-07,
120,49,4,2024-04-14,"Really enjoyed it, a few crowded spots."
120,53,2,2024-10-21,
120,7,4,2025-04-01,
120,22,3,2024-06-05,
120,43,3,2025-01-22,
120,55,4,2025-01-19,
120,23,1,2024-09-04,
120,36,2,2025-12-02,
120,32,2,2023-09-15,
121,23,2,2024-05-01,
121,13,4,2026-03-06,"Great trip, plan more days than we did."
121,18,3,2025-10-28,
121,62,2,2026-05-21,Too crowded and overpriced for us.
121,49,4,2025-05-28,
121,34,1,2023-09-28,
121,11,4,2024-10-26,
121,15,3,2023-03-19,
121,14,3,2025-02-12,"Decent, but not what I expected."
122,10,5,2024-03-07,
122,49,4,2025-04-13,
122,15,4,2023-10-26,
122,26,5,2026-03-05,Worth every rupee and every hour of travel.
122,31,5,2023-03-08,Easily one of my best trips.
122,62,4,2025-11-04,
122,23,4,2025-09-13,
123,41,5,2026-04-16,
123,37,3,2026-03-11,
123,22,3,2026-06-09,
123,30,3,2025-03-26,"Decent, but not what I expected."
123,44,3,2025-11-21,
123,34,3,2026-04-08,
124,55,4,2025-12-17,
124,21,1,2025-09-27,Disappointing from start to finish.
124,11,3,2025-11-28,
125,8,5,2023-12-22,
125,11,5,2024-08-15,
125,62,3,2024-01-14,
126,60,5,2025-04-21,
126,8,4,2023-06-02,"Lovely place, food was a highlight."
126,64,5,2024-03-08,Worth every rupee and every hour of travel.
126,59,3,2024-10-16,
126,12,4,2025-10-04,
127,10,5,2025-02-20,
127,62,5,2024-10-12,
127,49,5,2024-04-06,
127,8,5,2025-11-28,
127,11,5,2026-02-08,
127,38,3,2025-12-15,
127,66,5,2023-11-15,
127,9,4,2024-01-20,
127,2,5,2024-02-03,"Unforgettable, would go again tomorrow."
127,1,3,2025-11-07,
127,52,3,2023-10-15,
127,59,4,2025-11-13,"Really enjoyed it, a few crowded spots."
127,36,5,2024-01-22,
127,32,4,2023-09-01,
127,7,3,2023-07-19,
127,60,2,2024-04-10,
128,42,4,2023-03-04,
128,1,5,2025-02-18,"Unforgettable, would go again tomorrow."
128,45,5,2026-01-09,
128,23,5,2025-05-06,
128,3,4,2025-10-14,
129,19,5,2025-08-24,
129,41,5,2025-04-14,
129,7,2,2024-12-01,Weather spoiled most of the visit.
129,64,2,2024-10-21,
130,62,5,2023-02-15,
130,18,3,2024-11-19,"Decent, but not what I expected."
130,46,5,2025-09-28,
130,54,4,2025-10-23,"Lovely place, food was a highlight."
130,52,3,2025-07-22,Fine for a short stop.
130,10,3,2025-03-23,
130,66,3,2025-03-08,
131,59,4,2026-01-27,"Great trip, plan more days than we did."
131,7,4,2023-11-05,
131,60,4,2026-02-09,
132,46,4,2024-08-01,"Really enjoyed it, a few crowded spots."
132,26,3,2023-12-03,Fine for a short stop.
132,8,1,2024-03-21,
132,1,3,2024-12-01,
132,57,4,2023-11-25,
132,23,3,2026-04-28,
132,11,4,2023-01-21,
132,36,3,2025-04-24,
132,62,3,2025-10-28,"Decent, but not what I expected."
133,1,4,2025-04-21,"Really enjoyed it, a few crowded spots."
133,41,5,2025-10-24,
133,57,5,2023-12-26,Worth every rupee and every hour of travel.
133,25,5,2026-02-18,Worth every rupee and every hour of travel.
134,29,3,2025-11-17,"Some parts were great, others forgettable."
134,36,4,2023-10-14,"Really enjoyed it, a few crowded spots."
134,23,2,2025-09-22,
135,31,5,2023-07-05,
135,66,4,2024-02-17,
135,35,5,2023-05-11,Worth every rupee and every hour of travel.
136,12,5,2025-08-07,
136,45,4,2023-05-22,"Really enjoyed it, a few crowded spots."
136,4,4,2025-12-20,"Lovely place, food was a highlight."
136,14,5,2025-10-09,Worth every rupee and every hour of travel.
136,55,5,2025-10-15,
137,23,3,2024-04-18,
137,38,4,2025-06-07,"Really enjoyed it, a few crowded spots."
137,33,3,2025-08-11,
137,9,2,2026-01-20,
137,47,4,2025-12-20,"Lovely place, food was a highlight."
138,56,4,2024-12-23,
138,36,4,2025-04-05,
138,29,4,2025-05-26,
138,35,5,2023-05-22,
138,23,4,2024-10-20,
138,19,4,2023-04-26,
138,66,3,2024-03-21,
138,30,5,2025-06-27,Worth every rupee and every hour of travel.
138,64,4,2023-03-10,
138,34,5,2023-07-15,
139,29,5,2025-12-17,
139,64,3,2023-12-23,
139,38,3,2024-01-26,"Decent, but not what I expected."
139,36,3,2024-04-24,
139,31,4,2024-10-27,
139,30,5,2023-02-04,Worth every rupee and every hour of travel.
139,56,5,2023-11-14,
139,46,4,2025-08-26,
139,48,4,2023-09-21,
139,23,5,2023-10-09,
139,11,2,2023-01-19,
139,35,4,2025-10-20,
139,33,3,2025-09-06,
139,55,2,2024-10-07,
140,9,5,2024-09-25,
140,37,5,2023-06-04,Worth every rupee and every hour of travel.
140,41,5,2024-11-01,
140,53,4,2024-09-01,"Lovely place, food was a highlight."
140,42,4,2025-12-19,
140,31,5,2024-05-10,
140,60,4,2025-12-01,
141,60,5,2025-04-07,
141,22,3,2025-03-09,Fine for a short stop.
141,12,5,2025-12-17,Easily one of my best trips.
141,14,5,2025-10-19,
141,44,4,2025-05-28,"Lovely place, food was a highlight."
141,43,5,2023-10-19,
141,23,3,2025-09-02,
141,25,4,2026-01-10,
141,47,5,2023-03-27,
141,3,5,2025-02-23,
141,26,4,2025-02-22,
141,7,5,2025-10-17,
141,11,3,2023-11-03,
141,58,5,2025-02-22,
141,21,5,2025-11-01,Easily one of my best trips.
141,41,5,2025-11-26,
141,31,4,2025-01-02,"Really enjoyed it, a few crowded spots."
141,65,5,2023-03-03,
141,4,5,2025-10-22,
141,9,4,2025-11-21,"Lovely place, food was a highlight."
141,62,4,2026-05-09,
141,54,4,2023-02-09,"Lovely place, food was a highlight."
141,38,4,2025-12-21,
141,63,3,2025-04-20,
141,10,5,2025-08-04,
141,15,4,2026-02-01,
142,31,5,2026-04-25,
142,52,5,2024-12-20,
142,53,3,2024-06-10,
142,65,4,2023-03-07,"Lovely place, food was a highlight."
142,14,4,2024-04-16,
142,12,5,2025-12-24,
142,29,3,2023-05-05,
142,18,5,2025-11-23,Worth every rupee and every hour of travel.
142,1,4,2025-02-10,
142,49,3,2025-04-22,
143,45,5,2024-05-12,"Unforgettable, would go again tomorrow."
143,60,4,2023-01-19,
143,66,5,2025-10-07,
143,24,5,2024-11-13,"Unforgettable, would go again tomorrow."
143,21,4,2026-03-04,
144,2,5,2024-11-28,"Unforgettable, would go again tomorrow."
144,52,4,2025-11-11,
144,42,4,2024-12-21,
144,66,5,2025-02-02,Easily one of my best trips.
144,8,5,2025-10-10,
144,36,5,2023-01-06,"Unforgettable, would go again tomorrow."
144,34,3,2026-04-09,"Some parts were great, others forgettable."
144,48,5,2024-10-01,
144,35,4,2024-10-10,
144,43,5,2025-11-15,
144,59,5,2023-06-06,
144,38,4,2023-07-02,
144,9,3,2024-01-16,
144,64,4,2026-01-09,"Great trip, plan more days than we did."
144,24,4,2024-11-07,"Great trip, plan more days than we did."
144,30,3,2025-10-11,"Decent, but not what I expected."
144,21,5,2023-02-23,
144,1,4,2026-02-11,
145,37,5,2025-03-22,Worth every rupee and every hour of travel.
145,13,5,2024-02-07,Worth every rupee and every hour of travel.
145,45,5,2023-12-20,
145,10,3,2025-11-25,"Some parts were great, others forgettable."
145,31,5,2024-04-22,Easily one of my best trips.
145,22,4,2024-03-22,"Really enjoyed it, a few crowded spots."
145,18,5,2023-02-03,
146,12,4,2025-10-04,"Lovely place, food was a highlight."
146,59,4,2024-03-10,
146,1,4,2025-03-06,
146,27,4,2024-10-26,"Great trip, plan more days than we did."
146,46,5,2025-06-03,
147,42,4,2023-02-05,
147,12,5,2025-12-16,
147,52,5,2023-08-02,Easily one of my best trips.
147,4,5,2026-01-22,
147,14,5,2024-02-27,
147,56,3,2025-10-09,"Decent, but not what I expected."
147,3,5,2025-03-05,Worth every rupee and every hour of travel.
147,35,5,2023-10-16,
147,36,4,2026-04-09,"Really enjoyed it, a few crowded spots."
147,10,3,2023-01-01,"Some parts were great, others forgettable."
147,1,5,2025-12-24,Easily one of my best trips.
147,60,4,2024-12-10,
147,25,5,2023-02-03,"Unforgettable, would go again tomorrow."
147,31,3,2024-12-25,
147,8,5,2026-05-09,
147,6,5,2025-10-03,
147,51,4,2023-09-23,"Lovely place, food was a highlight."
147,57,4,2024-01-27,
147,43,3,2025-12-25,
147,65,3,2025-10-22,
147,55,4,2023-03-01,
147,11,2,2024-12-20,
148,46,5,2025-06-25,"Unforgettable, would go again tomorrow."
148,17,5,2025-01-06,Worth every rupee and every hour of travel.
148,28,4,2025-08-24,
148,21,5,2024-10-21,Easily one of my best trips.
148,47,5,2024-12-24,
148,51,1,2023-11-24,
148,59,3,2023-03-08,"Decent, but not what I expected."
148,7,4,2024-04-25,
148,38,3,2025-12-23,
148,30,4,2024-12-18,"Really enjoyed it, a few crowded spots."
148,60,4,2024-03-20,
148,45,3,2025-11-28,
149,20,4,2024-10-22,"Really enjoyed it, a few crowded spots."
149,41,3,2024-11-15,
149,31,4,2023-04-06,
150,23,4,2025-04-25,
150,41,4,2024-11-11,
150,3,4,2024-10-21,
150,22,4,2024-12-21,"Really enjoyed it, a few crowded spots."
150,54,4,2024-04-18,
150,31,5,2025-12-12,
151,58,5,2026-05-09,
151,42,4,2025-11-17,
151,43,5,2024-02-18,
152,32,4,2026-05-14,
152,38,4,2024-06-12,"Great trip, plan more days than we did."
152,49,4,2025-03-20,
152,44,3,2025-11-25,Fine for a short stop.
152,1,4,2024-03-21,
152,43,3,2023-09-23,"Some parts were great, others forgettable."
152,19,5,2024-01-20,
152,58,3,2025-12-02,"Decent, but not what I expected."
152,10,4,2023-01-08,
152,50,3,2026-05-22,
152,52,4,2023-12-15,
153,32,4,2025-10-09,
153,31,5,2026-03-04,
153,47,4,2024-02-28,"Really enjoyed it, a few crowded spots."
153,8,3,2026-05-15,"Decent, but not what I expected."
153,9,5,2023-03-08,
153,41,4,2025-11-01,
153,37,3,2025-03-08,
154,15,4,2023-02-24,
154,35,4,2025-10-19,"Great trip, plan more days than we did."
154,14,3,2025-10-14,"Decent, but not what I expected."
155,12,4,2023-05-18,
155,19,5,2026-01-14,
155,63,4,2024-03-03,"Really enjoyed it, a few crowded spots."
155,47,5,2026-04-15,Easily one of my best trips.
155,62,4,2024-07-17,
155,21,5,2024-02-01,Easily one of my best trips.
155,60,5,2025-04-16,
155,23,4,2024-09-04,"Great trip, plan more days than we did."
155,14,3,2023-11-15,
155,59,4,2024-01-16,
156,64,4,2023-10-14,
156,11,4,2026-03-25,
156,47,5,2025-11-20,
156,55,4,2025-11-10,"Great trip, plan more days than we did."
156,19,5,2024-10-25,
156,44,2,2024-05-17,Would not prioritise this again.
156,46,5,2023-09-08,
156,66,3,2024-02-21,
157,31,5,2024-11-13,Worth every rupee and every hour of travel.
157,41,5,2024-11-15,Easily one of my best trips.
157,13,3,2023-01-23,"Decent, but not what I expected."
157,23,4,2023-06-18,"Lovely place, food was a highlight."
157,3,3,2024-01-09,
157,26,3,2025-11-02,
157,12,4,2025-10-23,
158,41,4,2024-10-20,
158,1,5,2023-02-17,
158,25,5,2025-07-19,"Unforgettable, would go again tomorrow."
158,52,5,2025-01-03,
158,14,5,2024-01-27,
158,3,5,2025-10-15,
159,7,4,2025-09-19,
159,14,5,2026-01-19,
159,58,4,2025-12-16,
159,31,5,2025-05-03,
159,20,4,2025-12-22,
160,14,5,2025-12-03,Easily one of my best trips.
160,12,3,2025-07-12,
160,35,3,2025-10-25,Fine for a short stop.
160,41,3,2025-10-19,
160,23,4,2025-12-06,"Great trip, plan more days than we did."
161,11,5,2024-01-06,
161,10,4,2023-01-11,
161,23,3,2025-09-10,
161,49,5,2025-02-15,
162,46,5,2023-08-24,
162,38,3,2025-07-05,
162,59,5,2023-10-23,
162,42,4,2023-08-22,"Lovely place, food was a highlight."
162,20,5,2023-10-21,"Unforgettable, would go again tomorrow."
162,45,4,2023-12-20,"Lovely place, food was a highlight."
162,47,5,2026-04-14,
162,43,4,2026-02-26,"Lovely place, food was a highlight."
163,43,3,2025-03-08,
163,30,3,2025-11-19,
163,49,4,2025-10-14,"Great trip, plan more days than we did."
163,31,3,2023-04-06,
163,19,3,2025-10-03,
163,10,4,2024-10-07,
163,11,5,2023-10-11,
164,65,5,2024-12-18,
164,28,4,2024-09-22,"Great trip, plan more days than we did."
164,38,4,2024-05-25,
164,19,5,2025-01-19,
165,23,5,2024-05-07,
165,41,5,2025-05-04,
165,62,5,2025-02-10,"Unforgettable, would go again tomorrow."
165,26,4,2025-11-17,
165,9,5,2023-02-07,Easily one of my best trips.
165,1,4,2025-11-27,
165,52,4,2023-07-09,
165,31,5,2023-04-07,
165,6,5,2026-03-20,
165,14,5,2025-12-13,
165,10,4,2025-12-24,
165,19,4,2024-11-19,"Lovely place, food was a highlight."
165,53,4,2024-08-23,
165,4,5,2024-01-07,
165,15,5,2023-02-03,Worth every rupee and every hour of travel.
165,37,5,2025-08-17,
166,31,5,2025-06-15,Easily one of my best trips.
166,36,5,2024-02-19,
166,11,5,2025-11-14,
166,29,4,2025-01-02,"Really enjoyed it, a few crowded spots."
166,23,5,2024-10-15,
166,35,5,2023-04-26,
166,1,4,2025-11-03,
166,33,5,2026-06-26,Easily one of my best trips.
166,3,3,2026-01-20,"Some parts were great, others forgettable."
166,22,4,2024-11-24,
166,38,5,2025-02-11,Easily one of my best trips.
167,49,3,2026-04-11,"Decent, but not what I expected."
167,62,5,2025-01-14,Easily one of my best trips.
167,15,3,2023-08-26,
167,58,5,2024-03-16,
167,10,5,2024-11-04,
167,64,4,2023-02-01,
168,31,5,2025-12-09,
168,9,4,2023-11-12,
168,23,4,2026-04-25,
168,29,2,2023-12-25,Would not prioritise this again.
168,66,3,2025-10-01,
168,22,3,2024-05-11,"Some parts were great, others forgettable."
168,35,3,2024-05-07,
168,42,2,2024-10-20,
168,15,4,2025-11-14,
168,37,3,2025-11-17,
168,53,4,2023-10-20,"Lovely place, food was a highlight."
168,18,3,2024-03-21,
168,10,2,2025-11-15,Weather spoiled most of the visit.
168,41,3,2026-04-09,Fine for a short stop.
168,57,4,2025-10-24,"Great trip, plan more days than we did."
168,64,2,2025-12-15,Would not prioritise this again.
168,54,5,2024-03-22,
168,6,2,2025-03-02,
168,45,3,2023-01-14,"Decent, but not what I expected."
168,52,3,2023-07-16,
169,41,5,2025-03-11,
169,23,5,2024-05-19,
169,18,3,2025-09-15,"Decent, but not what I expected."
169,59,4,2023-05-16,
169,57,5,2025-02-27,Easily one of my best trips.
169,46,4,2025-06-16,"Lovely place, food was a highlight."
169,4,3,2024-02-27,
169,15,5,2025-11-06,
169,65,5,2024-02-24,
169,19,5,2023-12-27,
169,1,4,2024-11-11,
170,45,5,2023-11-04,
170,28,5,2026-04-21,Easily one of my best trips.
170,60,5,2025-12-10,
171,14,5,2023-01-21,Easily one of my best trips.
171,12,5,2025-02-06,
171,19,4,2024-11-18,
172,31,3,2026-04-26,"Decent, but not what I expected."
172,37,3,2025-11-17,
172,24,3,2024-10-23,Fine for a short stop.
172,23,3,2024-10-19,
172,53,4,2023-10-19,
172,18,3,2025-10-22,"Decent, but not what I expected."
172,36,4,2025-03-01,"Great trip, plan more days than we did."
172,56,4,2024-01-02,
172,12,3,2026-03-19,"Decent, but not what I expected."
172,60,3,2024-01-23,
172,63,3,2025-11-09,
172,27,5,2026-02-01,
172,11,2,2024-10-24,Would not prioritise this again.
172,1,3,2023-04-22,
173,36,5,2024-02-17,Easily one of my best trips.
173,64,3,2023-09-23,
173,60,5,2025-12-19,
173,8,5,2026-03-06,
173,43,3,2024-09-17,
173,49,4,2024-03-09,"Really enjoyed it, a few crowded spots."
173,59,4,2025-12-03,"Really enjoyed it, a few crowded spots."
173,10,4,2024-01-23,"Lovely place, food was a highlight."
173,26,4,2025-10-10,
174,46,5,2023-09-02,
174,36,5,2024-02-10,
174,10,4,2025-01-05,
174,38,4,2024-02-10,"Lovely place, food was a highlight."
174,19,5,2023-03-05,
174,52,3,2025-12-13,
174,17,5,2024-09-26,
174,62,5,2025-10-04,
174,11,5,2025-11-23,Easily one of my best trips.
175,23,4,2025-10-28,"Lovely place, food was a highlight."
175,58,3,2025-11-02,"Decent, but not what I expected."
175,10,3,2023-01-15,
175,65,2,2024-02-18,
175,18,3,2023-03-21,
176,31,4,2023-04-26,"Great trip, plan more days than we did."
176,58,4,2026-02-14,"Great trip, plan more days than we did."
176,42,5,2024-01-06,
176,8,4,2026-01-27,
176,40,4,2025-03-22,
176,21,4,2025-03-02,
176,20,4,2025-10-06,
176,43,3,2025-12-07,
176,1,3,2023-10-10,Fine for a short stop.
176,63,3,2026-01-10,"Some parts were great, others forgettable."
176,38,4,2025-04-16,"Great trip, plan more days than we did."
176,29,4,2023-03-10,
176,60,3,2026-02-03,"Decent, but not what I expected."
176,45,4,2026-02-14,"Really enjoyed it, a few crowded spots."
176,59,5,2023-01-28,Worth every rupee and every hour of travel.
176,13,2,2024-10-26,
176,65,2,2025-01-06,Too crowded and overpriced for us.
176,52,2,2025-01-01,
176,64,3,2024-12-18,
176,7,4,2025-12-11,
176,46,3,2025-08-15,
176,33,5,2025-03-25,
176,16,4,2025-12-15,"Lovely place, food was a highlight."
176,49,3,2024-11-27,Fine for a short stop.
176,57,2,2024-11-15,Too crowded and overpriced for us.
176,11,3,2024-01-01,
176,47,5,2025-04-27,
176,17,4,2025-07-22,
176,2,3,2024-11-17,
176,18,3,2025-02-08,
176,14,3,2025-11-05,
176,12,2,2025-02-08,
176,51,3,2025-02-11,
177,56,3,2025-11-28,"Some parts were great, others forgettable."
177,10,2,2024-03-23,
177,41,3,2026-03-02,
177,23,3,2025-05-22,
177,39,5,2024-07-17,
178,15,4,2025-01-27,
178,23,5,2023-10-13,
178,65,4,2024-01-11,
178,54,4,2023-10-27,
178,36,3,2024-06-22,
178,53,4,2025-06-20,
178,26,4,2026-01-25,
178,13,5,2024-06-10,
178,41,5,2025-10-16,
178,21,3,2024-10-20,"Some parts were great, others forgettable."
178,18,4,2023-03-23,
178,31,5,2026-01-23,
179,66,3,2025-03-11,"Decent, but not what I expected."
179,64,5,2024-12-14,Worth every rupee and every hour of travel.
179,23,3,2024-09-07,
180,31,5,2025-12-01,
180,60,5,2026-03-09,
180,49,5,2025-04-06,
180,62,5,2023-03-03,
181,31,5,2024-06-14,
181,32,3,2023-01-16,
181,64,3,2025-12-08,"Decent, but not what I expected."
181,41,4,2024-10-10,
181,7,3,2024-04-04,
181,23,5,2025-09-14,
181,52,3,2023-09-10,
181,14,4,2025-12-16,
181,62,3,2024-03-02,
181,65,4,2025-12-02,
181,61,4,2025-09-12,
181,18,2,2025-01-24,
181,47,4,2024-02-22,"Great trip, plan more days than we did."
181,15,4,2023-02-24,
181,21,3,2024-12-21,Fine for a short stop.
182,62,3,2023-01-15,"Some parts were great, others forgettable."
182,13,3,2024-01-25,Fine for a short stop.
182,60,4,2025-12-15,
183,41,5,2023-03-06,
183,7,3,2024-01-13,"Some parts were great, others forgettable."
183,57,3,2024-12-17,
183,62,3,2024-10-16,"Decent, but not what I expected."
183,1,2,2024-01-11,
183,54,5,2023-05-27,Worth every rupee and every hour of travel.
183,23,4,2023-10-26,"Great trip, plan more days than we did."
183,19,5,2026-03-18,
183,35,4,2025-09-11,
183,60,4,2024-01-06,
183,53,5,2023-10-03,Easily one of my best trips.
183,59,3,2023-02-24,Fine for a short stop.
183,66,3,2023-01-17,
183,30,4,2024-10-01,
183,49,2,2023-04-03,
183,21,2,2023-03-15,Would not prioritise this again.
183,32,3,2024-06-27,"Decent, but not what I expected."
184,8,5,2025-02-17,
184,41,5,2024-10-19,Easily one of my best trips.
184,22,5,2024-03-25,
185,55,5,2025-06-03,
185,8,5,2025-11-04,
185,43,5,2024-02-18,
185,11,4,2025-12-04,"Really enjoyed it, a few crowded spots."
185,36,5,2026-04-26,
185,20,5,2023-12-17,"Unforgettable, would go again tomorrow."
185,16,5,2025-11-20,Easily one of my best trips.
185,35,5,2023-09-12,Worth every rupee and every hour of travel.
185,12,4,2023-02-22,
185,31,4,2023-01-13,
185,59,2,2025-06-07,Weather spoiled most of the visit.
185,58,3,2023-03-18,
185,51,4,2024-11-24,
186,63,5,2025-01-09,
186,55,5,2025-10-23,"Unforgettable, would go again tomorrow."
186,64,3,2025-12-24,
186,42,4,2025-07-20,
186,58,5,2025-10-19,
187,42,3,2024-12-16,"Some parts were great, others forgettable."
187,57,4,2024-10-28,
187,1,3,2023-11-24,
187,31,3,2025-12-02,
187,3,4,2025-10-27,
187,7,3,2025-11-18,
187,18,2,2024-02-07,
187,36,3,2025-12-19,
187,35,4,2024-11-03,"Lovely place, food was a highlight."
187,52,4,2025-09-23,
187,23,3,2024-04-15,
187,58,4,2024-01-27,
187,55,4,2023-12-16,
187,20,2,2024-10-14,
187,65,4,2025-04-23,
187,4,5,2024-05-24,
187,12,4,2023-06-26,
187,14,5,2024-11-09,
188,64,4,2023-02-03,
188,18,3,2025-12-18,
188,60,3,2024-07-24,
188,53,4,2025-11-26,
188,14,3,2024-05-26,Fine for a short stop.
188,45,4,2025-10-12,"Lovely place, food was a highlight."
188,12,3,2023-12-19,
188,41,4,2026-05-22,"Really enjoyed it, a few crowded spots."
188,51,3,2024-11-09,
188,13,4,2025-11-26,"Really enjoyed it, a few crowded spots."
189,63,5,2025-12-26,
189,19,5,2026-03-11,
189,62,4,2024-01-25,
189,10,5,2025-12-08,
189,11,5,2024-10-25,"Unforgettable, would go again tomorrow."
189,53,4,2023-06-28,"Great trip, plan more days than we did."
189,26,5,2026-01-25,Easily one of my best trips.
189,23,3,2025-09-18,
190,8,4,2023-06-11,
190,9,2,2026-05-06,
190,49,2,2024-08-28,Too crowded and overpriced for us.
190,42,4,2024-02-19,
190,34,3,2024-09-08,"Decent, but not what I expected."
190,52,4,2024-10-27,
191,41,5,2023-11-02,"Unforgettable, would go again tomorrow."
191,53,4,2023-09-05,
191,23,5,2024-06-20,
191,9,3,2025-10-25,
191,54,4,2024-12-01,
191,47,3,2025-08-21,
191,19,5,2025-10-24,
191,49,3,2023-11-22,Fine for a short stop.
191,13,3,2025-03-25,
191,15,5,2023-03-05,
192,60,5,2023-02-03,
192,5,3,2023-03-20,
192,7,5,2024-03-24,
192,23,4,2023-11-04,
193,12,5,2023-01-28,
193,60,5,2023-03-11,
193,53,3,2025-06-02,
193,35,3,2023-04-08,
193,14,5,2025-12-16,"Unforgettable, would go again tomorrow."
193,58,5,2023-01-23,Worth every rupee and every hour of travel.
193,66,5,2025-01-07,
193,64,5,2023-02-18,Easily one of my best trips.
193,16,4,2023-11-06,"Great trip, plan more days than we did."
193,43,4,2023-12-27,
193,36,5,2023-03-16,
193,56,4,2025-11-18,
194,23,5,2025-10-27,
194,13,5,2025-03-11,Easily one of my best trips.
194,31,5,2024-08-15,
195,33,3,2026-06-06,
195,38,1,2024-12-08,Disappointing from start to finish.
195,16,3,2024-11-05,
195,48,3,2024-03-05,
195,6,2,2023-11-20,
195,64,4,2024-11-19,
195,59,2,2026-04-27,
195,49,3,2023-02-05,"Some parts were great, others forgettable."
195,17,4,2026-02-15,
195,31,4,2025-06-04,
195,9,4,2026-02-06,"Really enjoyed it, a few crowded spots."
195,41,3,2023-05-12,"Decent, but not what I expected."
196,1,3,2025-10-28,
196,46,5,2025-02-12,Worth every rupee and every hour of travel.
196,21,3,2025-11-21,
197,64,5,2024-03-03,
197,62,3,2026-01-09,
197,8,5,2025-02-26,Easily one of my best trips.
197,42,4,2024-10-27,"Really enjoyed it, a few crowded spots."
197,20,4,2024-02-08,
197,18,4,2023-09-01,
197,32,5,2025-06-15,Easily one of my best trips.
197,23,3,2024-09-01,
198,30,4,2023-06-12,"Really enjoyed it, a few crowded spots."
198,42,3,2023-01-04,
198,12,3,2025-11-09,"Decent, but not what I expected."
198,49,1,2023-02-09,Disappointing from start to finish.
198,60,2,2023-05-20,
199,37,3,2023-04-13,
199,35,5,2024-04-04,
199,20,3,2025-12-03,
199,41,5,2025-07-11,"Unforgettable, would go again tomorrow."
199,10,4,2025-10-07,"Great trip, plan more days than we did."
199,23,5,2025-09-23,
200,19,5,2025-10-15,
200,35,5,2023-10-16,
200,14,5,2025-10-19,
201,14,5,2023-11-04,
201,41,5,2024-05-01,
201,3,5,2025-11-17,Worth every rupee and every hour of travel.
201,25,4,2023-10-23,
201,31,5,2024-04-22,
201,32,5,2023-11-10,
201,23,4,2024-09-16,"Lovely place, food was a highlight."
201,7,2,2025-10-02,
201,65,5,2023-11-17,
201,61,2,2025-12-19,
202,29,4,2026-04-07,
202,31,4,2023-12-08,
202,30,5,2025-09-26,Easily one of my best trips.
202,23,5,2026-04-14,
202,18,4,2025-02-16,
202,35,5,2023-04-15,
202,57,2,2023-12-19,
202,3,3,2025-10-22,Fine for a short stop.
203,23,5,2023-04-23,
203,42,4,2025-11-26,
203,37,5,2024-06-26,
204,52,2,2025-09-01,
204,11,4,2025-11-23,
204,60,4,2024-04-05,
204,49,4,2023-12-25,
204,43,5,2026-01-12,
204,47,5,2024-05-07,
204,36,3,2025-09-19,"Some parts were great, others forgettable."
204,7,4,2026-02-07,
205,1,3,2025-01-16,
205,41,3,2024-11-25,Fine for a short stop.
205,14,4,2024-01-08,"Really enjoyed it, a few crowded spots."
205,31,4,2025-12-20,
206,12,4,2025-02-07,
206,44,4,2025-05-03,
206,31,5,2025-05-14,
206,33,2,2025-09-06,Would not prioritise this again.
206,63,4,2024-03-21,"Lovely place, food was a highlight."
207,1,3,2025-10-18,
207,41,4,2026-03-04,
207,65,5,2024-11-01,"Unforgettable, would go again tomorrow."
207,13,3,2023-10-08,
207,51,5,2025-12-04,
207,63,5,2026-01-28,
207,31,4,2025-12-13,
207,62,4,2025-02-06,
208,1,4,2025-10-12,
208,47,5,2024-04-17,
208,31,5,2024-05-08,
208,29,5,2025-11-19,
208,64,5,2026-04-01,
208,21,4,2026-03-23,"Really enjoyed it, a few crowded spots."
209,33,2,2023-06-24,
209,13,3,2024-11-19,
209,32,3,2023-09-03,
209,14,2,2025-02-26,
210,31,5,2024-04-12,
210,22,2,2023-05-01,
210,16,5,2025-12-17,
210,28,3,2024-07-06,Fine for a short stop.
210,20,3,2026-05-26,
210,33,3,2026-02-19,
210,55,5,2023-12-24,
210,43,2,2026-01-25,Would not prioritise this again.
211,20,4,2024-10-27,"Really enjoyed it, a few crowded spots."
211,60,4,2024-12-11,"Lovely place, food was a highlight."
211,64,2,2024-02-13,
211,66,3,2025-02-08,Fine for a short stop.
211,7,4,2025-01-23,
212,20,5,2023-01-07,
212,22,5,2025-05-18,
212,18,5,2024-10-05,
212,13,5,2024-10-25,
212,66,4,2024-02-09,
212,45,5,2026-04-08,Easily one of my best trips.
212,23,5,2026-06-13,Easily one of my best trips.
213,66,4,2024-07-27,
213,7,4,2024-10-09,
213,11,3,2025-02-06,
214,31,5,2026-05-24,Worth every rupee and every hour of travel.
214,60,4,2026-02-01,
214,37,5,2023-06-06,
215,64,5,2025-03-08,
215,34,4,2025-03-17,
215,66,3,2023-11-18,
215,31,5,2023-05-16,
215,23,4,2025-09-14,
215,9,4,2023-10-02,"Lovely place, food was a highlight."
215,32,4,2026-02-09,"Lovely place, food was a highlight."
215,38,3,2025-06-10,
215,16,2,2023-11-26,
215,42,5,2024-11-25,
215,48,4,2024-09-14,"Really enjoyed it, a few crowded spots."
215,18,3,2025-10-23,"Some parts were great, others forgettable."
215,56,4,2024-01-02,
215,15,4,2025-01-02,
215,13,4,2025-01-16,"Great trip, plan more days than we did."
216,11,4,2025-11-24,"Great trip, plan more days than we did."
216,35,5,2024-09-02,
216,10,4,2025-12-01,
216,49,5,2025-12-01,Worth every rupee and every hour of travel.
216,29,5,2023-05-16,"Unforgettable, would go again tomorrow."
216,3,5,2025-02-07,
216,19,5,2024-10-19,
217,60,4,2024-02-15,
217,58,4,2025-10-05,"Lovely place, food was a highlight."
217,31,3,2025-04-23,
217,30,5,2025-12-03,
217,29,4,2026-02-27,
217,35,5,2024-11-14,
217,40,5,2025-12-25,
217,28,3,2025-06-07,
218,12,4,2023-12-02,
218,23,3,2023-04-27,
218,19,5,2024-05-28,
218,11,5,2023-03-26,
218,26,5,2024-08-18,Easily one of my best trips.
218,57,3,2023-12-10,
219,60,3,2024-02-15,"Some parts were great, others forgettable."
219,16,3,2023-10-20,
219,41,4,2025-11-27,
219,23,3,2025-06-09,
219,66,2,2025-04-05,Weather spoiled most of the visit.
219,35,4,2023-03-22,"Lovely place, food was a highlight."
220,46,4,2023-11-13,
220,31,3,2025-12-08,"Decent, but not what I expected."
220,41,5,2025-11-19,
220,25,3,2025-11-22,
220,53,4,2023-07-16,
220,62,3,2025-09-11,"Decent, but not what I expected."
220,15,5,2025-09-08,
220,54,5,2025-12-10,Worth every rupee and every hour of travel.
220,19,5,2025-01-08,
220,23,5,2024-10-16,Easily one of my best trips.
220,9,2,2023-08-26,
220,60,4,2023-05-24,"Really enjoyed it, a few crowded spots."
221,35,4,2023-03-20,
221,19,5,2026-01-06,"Unforgettable, would go again tomorrow."
221,38,5,2023-12-03,
221,58,5,2026-05-01,Worth every rupee and every hour of travel.
222,19,5,2026-03-01,Worth every rupee and every hour of travel.
222,52,3,2025-12-14,"Some parts were great, others forgettable."
222,30,5,2024-12-20,
222,57,4,2023-02-07,"Great trip, plan more days than we did."
222,7,3,2024-12-11,"Some parts were great, others forgettable."
222,53,3,2025-06-15,"Decent, but not what I expected."
223,19,5,2026-01-18,
223,62,4,2025-02-06,"Really enjoyed it, a few crowded spots."
223,1,4,2023-01-08,
224,65,4,2025-02-23,
224,30,5,2023-03-26,
224,31,5,2023-12-16,Worth every rupee and every hour of travel.
225,21,4,2023-04-26,"Really enjoyed it, a few crowded spots."
225,31,5,2025-12-20,
225,64,5,2025-12-15,
225,7,5,2025-10-22,
226,31,5,2024-04-07,
226,43,4,2025-10-17,
226,35,5,2023-03-03,
226,64,5,2026-03-19,
226,66,5,2025-12-05,
226,36,5,2023-10-26,
227,13,4,2026-04-18,
227,60,4,2025-04-07,"Great trip, plan more days than we did."
227,32,3,2024-06-13,"Some parts were great, others forgettable."
227,49,4,2024-01-15,"Great trip, plan more days than we did."
227,14,4,2025-02-23,
227,23,5,2025-03-02,
227,64,4,2026-01-26,"Great trip, plan more days than we did."
227,1,4,2025-11-06,
227,47,3,2024-02-21,
227,11,5,2025-02-27,
227,18,3,2025-11-05,
227,37,5,2024-10-21,
227,57,5,2026-02-01,
227,9,3,2025-01-25,
227,12,5,2025-10-14,
227,31,3,2025-06-10,"Decent, but not what I expected."
227,26,3,2025-09-16,
227,22,4,2023-03-04,
227,54,5,2025-11-18,Worth every rupee and every hour of travel.
228,47,5,2026-04-23,Easily one of my best trips.
228,38,4,2025-01-10,"Great trip, plan more days than we did."
228,36,2,2023-02-22,Too crowded and overpriced for us.
228,3,4,2024-03-16,
228,62,5,2025-10-06,
228,7,3,2024-01-26,Fine for a short stop.
228,30,5,2025-06-15,
228,60,4,2024-03-02,
228,46,5,2023-10-16,
228,15,4,2024-01-06,
229,13,3,2025-02-23,"Decent, but not what I expected."
229,55,3,2023-01-22,
229,49,5,2026-03-04,"Unforgettable, would go again tomorrow."
229,21,5,2023-10-15,
229,42,5,2025-10-06,Easily one of my best trips.
229,56,4,2023-12-19,
229,65,4,2025-01-16,"Lovely place, food was a highlight."
229,31,5,2025-07-06,Worth every rupee and every hour of travel.
229,43,5,2024-01-14,
229,11,3,2023-03-02,"Decent, but not what I expected."
229,58,5,2025-11-18,
229,18,3,2024-11-17,
229,32,5,2023-11-22,
229,10,4,2025-03-18,"Lovely place, food was a highlight."
229,33,4,2025-09-25,
229,36,4,2025-07-15,
229,7,5,2023-02-06,
229,64,4,2023-03-08,
230,23,5,2026-05-01,Easily one of my best trips.
230,39,2,2025-08-17,
230,42,5,2026-01-14,
230,46,5,2024-07-02,
230,41,4,2026-04-24,
230,63,4,2026-06-23,
230,51,5,2025-11-16,
230,30,3,2025-10-27,
230,65,5,2025-02-07,Worth every rupee and every hour of travel.
230,26,4,2025-12-03,
230,28,4,2026-02-04,"Great trip, plan more days than we did."
230,20,3,2023-01-03,
231,49,3,2023-12-13,
231,65,4,2024-10-28,
231,42,4,2024-12-24,"Great trip, plan more days than we did."
231,62,4,2024-10-17,
231,26,2,2023-04-11,
231,64,5,2024-07-18,
232,25,5,2023-11-15,
232,1,5,2025-10-26,
232,33,5,2025-06-18,Worth every rupee and every hour of travel.
232,57,5,2025-10-21,Worth every rupee and every hour of travel.
232,14,5,2025-09-23,Worth every rupee and every hour of travel.
233,35,5,2024-05-28,
233,31,3,2026-03-21,
233,66,5,2025-10-21,
233,27,5,2023-07-23,
233,59,3,2025-10-07,
234,65,5,2023-05-12,
234,49,3,2025-10-10,
234,18,3,2023-02-22,Fine for a short stop.
234,46,5,2024-05-17,
234,45,5,2025-02-13,
234,62,4,2025-02-10,
234,59,5,2025-11-01,Worth every rupee and every hour of travel.
235,41,5,2023-04-08,
235,30,5,2023-04-18,Easily one of my best trips.
235,38,5,2026-04-19,
235,35,5,2024-03-16,"Unforgettable, would go again tomorrow."
235,23,5,2025-10-25,
235,50,4,2025-03-26,
235,29,5,2025-09-07,Easily one of my best trips.
235,65,4,2024-06-13,
235,19,5,2025-09-17,Worth every rupee and every hour of travel.
235,62,5,2023-03-09,
235,31,5,2023-01-22,
235,1,4,2025-12-15,
235,32,4,2023-03-12,
235,34,5,2025-04-17,
235,26,5,2025-12-18,"Unforgettable, would go again tomorrow."
236,66,4,2024-03-27,
236,23,4,2023-09-09,
236,19,5,2024-03-21,
236,35,5,2026-05-08,
236,64,4,2025-09-01,
236,11,4,2025-10-26,
236,55,4,2023-02-24,"Really enjoyed it, a few crowded spots."
236,16,4,2025-10-01,
236,52,3,2025-10-02,"Some parts were great, others forgettable."
237,14,5,2026-01-17,
237,58,2,2026-05-11,
237,57,3,2025-10-01,
237,38,3,2026-02-19,
237,11,4,2025-10-25,
237,23,2,2023-10-22,
238,26,4,2024-12-24,
238,11,5,2024-12-07,
238,4,5,2026-04-08,
238,12,5,2023-10-18,
238,57,4,2023-02-21,
238,14,4,2024-02-08,"Lovely place, food was a highlight."
239,19,5,2025-10-11,"Unforgettable, would go again tomorrow."
239,31,4,2024-06-06,"Great trip, plan more days than we did."
239,41,5,2024-04-10,
239,23,5,2025-10-01,Easily one of my best trips.
239,35,5,2025-06-14,
239,15,4,2023-11-12,"Lovely place, food was a highlight."
239,26,5,2025-01-23,
239,30,3,2023-04-26,Fine for a short stop.
239,10,5,2024-01-11,
239,22,3,2026-03-03,
239,58,3,2025-06-13,Fine for a short stop.
239,48,5,2025-10-18,
239,36,4,2023-01-10,"Lovely place, food was a highlight."
239,20,3,2023-03-09,"Some parts were great, others forgettable."
239,1,3,2025-02-27,
240,59,5,2025-12-03,
240,54,3,2025-01-08,
240,23,4,2025-09-27,
240,45,5,2023-10-09,
240,42,4,2024-10-10,
240,20,4,2025-02-09,"Lovely place, food was a highlight."
240,41,3,2026-03-20,"Decent, but not what I expected."
241,30,4,2025-12-22,"Lovely place, food was a highlight."
241,19,5,2023-10-07,
241,10,4,2025-02-02,
241,11,5,2026-02-06,Worth every rupee and every hour of travel.
241,35,5,2025-10-20,
241,8,5,2025-01-07,
241,66,5,2024-03-09,
242,22,2,2025-05-14,Too crowded and overpriced for us.
242,23,5,2024-06-02,
242,14,5,2023-12-25,
242,3,5,2025-03-16,
242,12,4,2025-11-23,"Really enjoyed it, a few crowded spots."
243,30,4,2023-10-10,"Really enjoyed it, a few crowded spots."
243,29,3,2026-05-24,
243,66,5,2023-01-20,
244,49,3,2025-12-10,
244,41,4,2025-05-03,
244,59,3,2025-03-20,
245,18,3,2023-11-09,
245,49,4,2023-05-26,
245,26,3,2025-12-09,"Decent, but not what I expected."
245,8,3,2025-12-21,"Decent, but not what I expected."
245,4,3,2023-12-03,
245,33,4,2025-09-13,
245,64,5,2025-01-27,
246,9,5,2025-12-28,
246,14,4,2024-05-15,
246,31,5,2023-03-10,
246,41,5,2023-11-12,
246,3,3,2024-06-01,
246,43,4,2023-11-05,"Lovely place, food was a highlight."
246,53,5,2025-09-16,
246,44,3,2026-04-04,Fine for a short stop.
246,8,3,2024-02-08,
246,35,4,2024-03-12,"Really enjoyed it, a few crowded spots."
246,54,3,2023-12-16,
246,22,4,2024-03-10,"Really enjoyed it, a few crowded spots."
246,60,5,2026-02-27,
246,23,3,2024-09-15,"Some parts were great, others forgettable."
246,10,3,2023-11-26,
247,58,4,2023-11-11,
247,44,4,2025-04-12,
247,46,5,2025-09-02,
247,23,4,2023-06-16,
247,52,5,2023-08-18,Worth every rupee and every hour of travel.
247,38,3,2023-05-16,
247,3,4,2024-12-03,"Lovely place, food was a highlight."
247,57,3,2023-11-16,
247,11,4,2025-12-01,
247,66,3,2025-12-23,
247,17,4,2025-12-10,"Great trip, plan more days than we did."
248,35,4,2026-05-22,"Great trip, plan more days than we did."
248,52,4,2023-03-18,
248,34,5,2024-10-16,
248,10,3,2023-01-07,
249,38,5,2026-03-06,
249,60,5,2025-01-17,
249,65,4,2024-09-16,"Lovely place, food was a highlight."
249,21,4,2023-11-16,
249,1,2,2025-11-01,Weather spoiled most of the visit.
249,32,3,2024-09-04,
249,41,5,2024-11-14,
250,62,4,2025-02-22,"Really enjoyed it, a few crowded spots."
250,10,3,2026-01-11,
250,49,4,2024-11-22,
250,11,5,2023-03-25,
250,21,3,2024-02-04,
250,22,3,2026-05-05,
250,63,3,2025-10-23,
250,50,5,2026-04-21,
250,26,4,2026-01-15,
250,35,2,2025-09-09,
250,19,4,2025-12-08,"Really enjoyed it, a few crowded spots."
250,33,3,2024-07-18,"Decent, but not what I expected."
250,23,4,2023-10-25,
250,44,1,2025-12-12,Not for us at all.
250,58,4,2025-05-17,
250,31,4,2025-03-26,"Lovely place, food was a highlight."
250,53,1,2025-06-16,
250,42,3,2023-12-15,"Some parts were great, others forgettable."
250,18,3,2025-03-19,Fine for a short stop.
250,20,2,2025-11-13,Weather spoiled most of the visit.
251,9,3,2025-07-21,
251,29,5,2025-12-21,
251,33,5,2023-08-28,"Unforgettable, would go again tomorrow."
252,42,5,2023-05-18,
252,62,5,2025-01-23,
252,64,5,2023-01-06,Easily one of my best trips.
252,49,4,2023-04-22,"Great trip, plan more days than we did."
253,21,5,2024-11-24,
253,20,5,2025-08-23,"Unforgettable, would go again tomorrow."
253,43,4,2025-03-09,"Great trip, plan more days than we did."
253,26,3,2024-11-23,
253,59,5,2026-05-23,
253,29,4,2025-06-04,
253,16,5,2026-02-17,Worth every rupee and every hour of travel.
253,35,2,2024-04-26,Weather spoiled most of the visit.
253,58,5,2023-01-16,
253,63,5,2026-02-23,"Unforgettable, would go again tomorrow."
254,26,4,2023-12-24,
254,23,3,2023-09-28,"Some parts were great, others forgettable."
254,15,4,2025-12-14,"Great trip, plan more days than we did."
254,46,4,2023-06-23,
254,11,5,2024-02-03,Easily one of my best trips.
254,66,4,2025-10-09,
254,49,4,2025-10-06,
254,19,5,2026-03-16,Worth every rupee and every hour of travel.
254,58,3,2026-04-07,Fine for a short stop.
254,21,3,2024-11-27,Fine for a short stop.
254,63,2,2024-10-18,Would not prioritise this again.
254,10,3,2024-08-13,"Decent, but not what I expected."
254,62,3,2023-11-22,
254,42,4,2026-03-06,
254,65,3,2025-11-10,"Some parts were great, others forgettable."
254,41,4,2024-04-17,"Great trip, plan more days than we did."
254,47,2,2023-01-02,
254,43,4,2025-11-26,
254,20,4,2026-01-24,"Lovely place, food was a highlight."
254,44,2,2024-11-02,
255,64,3,2024-12-13,
255,66,2,2023-03-06,
255,43,2,2024-02-17,
255,16,4,2026-01-09,
255,39,2,2024-12-14,
255,53,3,2024-07-09,Fine for a short stop.
256,35,3,2026-05-01,
256,1,2,2023-01-24,Too crowded and overpriced for us.
256,8,3,2024-11-21,
256,22,2,2025-11-17,
256,29,4,2025-12-16,
256,33,3,2025-08-18,
256,43,2,2026-03-09,
256,46,4,2024-09-06,
257,1,2,2025-11-15,Too crowded and overpriced for us.
257,23,4,2024-06-14,
257,9,4,2023-03-03,
257,41,5,2026-04-17,
257,46,5,2024-09-26,
257,28,5,2025-07-19,
257,25,3,2025-05-25,
257,15,4,2025-01-09,
257,29,4,2025-12-15,
257,62,4,2023-11-17,
258,45,5,2025-10-26,
258,18,5,2024-01-11,
258,46,5,2023-04-18,
258,61,5,2025-11-08,
258,58,5,2023-05-09,
259,14,3,2023-01-13,"Decent, but not what I expected."
259,62,3,2025-03-15,
259,16,4,2025-03-13,"Great trip, plan more days than we did."
259,55,5,2026-05-11,
259,46,3,2025-09-19,
260,9,3,2026-02-13,
260,27,2,2024-07-05,
260,58,3,2025-03-25,
260,23,2,2025-10-02,
260,25,1,2023-11-07,
260,10,4,2024-02-07,
260,49,4,2025-09-11,
261,36,5,2024-03-05,Worth every rupee and every hour of travel.
261,45,5,2025-04-28,
261,59,5,2026-01-14,
261,11,4,2023-11-05,"Lovely place, food was a highlight."
261,22,4,2023-05-24,"Lovely place, food was a highlight."
261,8,5,2025-10-16,
261,60,5,2025-03-25,
261,66,4,2025-11-20,
261,1,3,2024-10-11,
261,7,4,2023-03-20,
261,42,4,2023-11-12,
261,43,4,2023-01-24,
261,12,3,2023-11-19,
261,20,5,2023-01-01,
261,64,3,2025-10-10,
261,31,4,2026-01-07,"Great trip, plan more days than we did."
261,23,4,2024-04-24,
261,18,5,2024-04-11,
261,58,5,2024-01-15,
261,44,5,2023-06-11,Easily one of my best trips.
262,4,4,2025-10-28,
262,25,4,2025-05-20,"Great trip, plan more days than we did."
262,49,3,2023-04-23,
262,14,4,2025-08-02,
262,12,4,2023-11-19,
262,65,4,2025-11-12,
263,15,5,2024-02-17,Worth every rupee and every hour of travel.
263,19,5,2024-11-06,
263,62,5,2024-01-04,"Unforgettable, would go again tomorrow."
263,60,5,2025-03-02,"Unforgettable, would go again tomorrow."
264,65,5,2024-03-04,
264,46,5,2024-10-13,
264,63,2,2024-10-27,Too crowded and overpriced for us.
264,19,4,2025-01-11,
264,28,4,2025-03-17,
264,62,4,2025-10-02,
264,49,5,2024-12-02,
265,46,5,2024-10-25,
265,58,4,2024-05-04,
265,60,5,2025-04-06,
265,11,5,2025-10-07,
265,62,5,2025-01-27,
266,38,4,2025-02-22,
266,46,5,2023-03-08,"Unforgettable, would go again tomorrow."
266,62,5,2024-02-11,
266,57,5,2026-03-04,
266,1,4,2026-01-20,
267,52,5,2023-03-16,"Unforgettable, would go again tomorrow."
267,42,5,2025-04-10,
267,14,5,2025-02-25,Worth every rupee and every hour of travel.
267,20,5,2025-10-20,Easily one of my best trips.
267,65,5,2024-02-14,Easily one of my best trips.
268,12,2,2025-01-21,
268,26,3,2023-12-16,
268,30,5,2025-12-17,
269,58,4,2024-05-15,
269,65,5,2024-11-27,
269,55,3,2025-03-07,
269,60,5,2025-12-21,
269,59,5,2024-03-28,
269,1,3,2024-09-26,
269,57,3,2025-10-21,
269,38,4,2025-11-02,
269,10,2,2026-03-27,
269,41,4,2026-03-16,"Great trip, plan more days than we did."
269,46,3,2025-10-12,
269,29,3,2026-03-19,
269,47,5,2026-02-11,
269,7,5,2025-02-20,
269,11,3,2024-03-28,"Decent, but not what I expected."
269,64,3,2024-12-01,"Some parts were great, others forgettable."
269,43,4,2023-11-16,
269,63,3,2025-12-24,
269,21,4,2025-01-13,"Great trip, plan more days than we did."
269,25,4,2024-06-10,
269,62,3,2024-03-18,"Decent, but not what I expected."
269,42,3,2023-01-28,
269,16,4,2025-12-20,
269,13,3,2024-10-14,"Some parts were great, others forgettable."
269,23,3,2026-05-28,
269,53,4,2023-05-03,"Really enjoyed it, a few crowded spots."
269,66,2,2025-03-03,
269,31,3,2025-12-22,
269,45,3,2023-05-15,
269,12,3,2024-04-17,Fine for a short stop.
269,49,3,2024-10-22,
269,37,3,2025-10-10,
269,26,3,2025-12-19,Fine for a short stop.
269,3,4,2025-10-28,
269,14,4,2025-02-05,"Really enjoyed it, a few crowded spots."
270,43,3,2023-03-09,
270,23,3,2024-09-27,
270,46,5,2024-07-18,Worth every rupee and every hour of travel.
271,65,5,2023-10-03,
271,49,4,2024-03-24,
271,52,5,2024-12-01,Easily one of my best trips.
271,1,5,2023-08-19,
271,50,4,2024-01-23,
271,6,4,2025-03-10,
271,62,5,2025-03-08,
271,18,4,2024-03-18,
271,4,5,2025-11-03,
271,32,4,2024-11-05,
271,34,5,2023-10-13,
272,60,5,2024-01-11,
272,19,5,2024-02-09,
272,41,5,2023-11-22,
272,9,4,2023-03-15,
272,62,5,2025-11-10,
272,14,4,2023-02-09,
272,23,4,2025-06-16,
272,38,4,2025-12-10,
272,61,4,2023-01-17,
273,41,5,2025-05-02,
273,5,2,2023-10-20,
273,14,4,2024-02-12,
274,43,4,2025-10-08,
274,41,4,2025-12-11,
274,19,5,2025-12-24,
274,35,5,2024-09-23,
274,23,3,2025-06-28,
275,42,5,2024-02-06,"Unforgettable, would go again tomorrow."
275,33,2,2025-02-13,
275,49,5,2026-03-15,
275,18,3,2024-03-23,
275,50,5,2025-10-10,
275,10,5,2025-11-07,
275,60,2,2025-12-07,
275,11,5,2023-01-07,"Unforgettable, would go again tomorrow."
275,8,3,2023-12-02,
275,58,3,2025-07-03,"Decent, but not what I expected."
276,38,4,2024-04-25,"Lovely place, food was a highlight."
276,13,3,2026-06-03,
276,7,3,2024-03-06,
276,65,4,2025-02-04,"Great trip, plan more days than we did."
276,21,4,2024-07-06,"Lovely place, food was a highlight."
276,29,5,2024-03-09,Easily one of my best trips.
276,33,4,2024-08-03,
276,11,4,2025-03-21,
276,40,5,2023-03-23,"Unforgettable, would go again tomorrow."
276,59,4,2026-01-24,
276,30,5,2026-06-05,
277,60,4,2023-12-12,
277,23,5,2023-04-25,Worth every rupee and every hour of travel.
277,14,3,2025-11-25,
277,10,3,2024-06-02,
277,31,5,2025-01-12,
278,31,5,2025-10-12,
278,28,4,2023-09-05,
278,2,3,2025-12-23,
279,36,4,2024-10-22,"Great trip, plan more days than we did."
279,31,5,2024-04-28,
279,44,4,2023-02-11,"Lovely place, food was a highlight."
279,18,4,2023-11-24,"Really enjoyed it, a few crowded spots."
279,45,4,2024-12-26,"Lovely place, food was a highlight."
280,18,5,2025-12-28,Worth every rupee and every hour of travel.
280,23,5,2023-11-24,Worth every rupee and every hour of travel.
280,31,5,2025-12-19,
280,15,4,2024-02-01,
280,45,3,2026-05-13,
280,52,3,2023-10-11,
280,64,2,2023-02-03,
280,37,3,2026-03-12,"Decent, but not what I expected."
281,42,5,2025-12-25,
281,29,3,2026-02-17,
281,20,4,2025-01-12,
281,52,4,2025-10-02,
281,66,3,2026-05-17,
281,34,4,2026-06-10,
281,8,2,2024-12-21,Too crowded and overpriced for us.
282,10,4,2025-02-28,
282,26,4,2023-11-01,"Really enjoyed it, a few crowded spots."
282,62,4,2024-10-28,
282,8,4,2025-11-20,
283,28,5,2025-07-24,
283,55,5,2023-01-05,
283,42,3,2026-02-18,
284,3,5,2025-10-16,
284,65,5,2024-10-13,
284,23,5,2023-10-24,
284,52,5,2023-09-16,
284,1,3,2025-03-17,
284,30,3,2023-06-10,
284,60,3,2023-03-14,
284,41,4,2024-05-19,"Really enjoyed it, a few crowded spots."
284,31,5,2025-12-14,Easily one of my best trips.
284,57,4,2024-02-01,"Great trip, plan more days than we did."
284,29,3,2025-12-12,
284,12,4,2023-01-21,"Lovely place, food was a highlight."
284,61,5,2025-12-08,"Unforgettable, would go again tomorrow."
284,9,3,2025-07-07,
284,6,5,2025-01-16,
284,38,3,2023-05-18,
284,11,2,2026-03-11,Too crowded and overpriced for us.
284,63,3,2023-10-19,"Decent, but not what I expected."
284,14,5,2023-11-25,
284,66,2,2025-11-24,Weather spoiled most of the visit.
284,18,4,2024-12-04,
284,20,3,2025-12-26,
285,20,4,2026-01-26,
285,43,3,2024-09-08,Fine for a short stop.
285,59,3,2024-08-26,"Decent, but not what I expected."
285,21,4,2024-03-15,"Great trip, plan more days than we did."
285,42,5,2024-01-12,
285,52,4,2023-03-05,
285,1,3,2026-01-18,
286,18,4,2024-12-28,"Really enjoyed it, a few crowded spots."
286,31,4,2023-12-04,"Really enjoyed it, a few crowded spots."
286,23,4,2023-04-19,"Lovely place, food was a highlight."
286,59,3,2025-01-18,
286,52,5,2024-07-10,
286,21,4,2025-02-19,"Really enjoyed it, a few crowded spots."
286,9,4,2026-03-02,
287,45,5,2025-01-25,Worth every rupee and every hour of travel.
287,63,5,2023-12-04,Worth every rupee and every hour of travel.
287,31,5,2025-12-11,
287,23,4,2026-01-21,
287,20,5,2025-11-10,
287,18,4,2025-03-03,"Great trip, plan more days than we did."
287,3,3,2025-03-23,
287,60,5,2025-09-04,Easily one of my best trips.
287,10,3,2026-03-05,"Decent, but not what I expected."
287,21,4,2023-10-26,
287,16,5,2026-02-09,
287,53,3,2024-11-24,Fine for a short stop.
287,58,4,2025-11-15,
287,12,5,2023-10-13,"Unforgettable, would go again tomorrow."
287,64,4,2025-11-12,
287,57,4,2023-06-04,"Great trip, plan more days than we did."
287,48,4,2025-07-19,
287,54,5,2025-11-23,
287,25,4,2023-09-23,
287,22,3,2025-10-07,
288,22,5,2023-01-01,Easily one of my best trips.
288,31,4,2024-10-20,"Great trip, plan more days than we did."
288,12,5,2025-10-23,
288,57,4,2025-10-25,
288,8,2,2023-02-05,Too crowded and overpriced for us.
288,13,4,2025-01-10,
288,20,5,2023-10-05,
288,23,4,2025-09-11,"Really enjoyed it, a few crowded spots."
288,25,4,2026-02-18,
288,14,4,2023-01-02,
289,40,5,2023-01-05,Easily one of my best trips.
289,33,5,2026-05-03,
289,52,5,2023-07-15,
289,35,5,2026-05-18,
289,18,5,2023-02-21,
289,30,5,2023-05-22,
290,13,2,2024-01-02,
290,47,3,2025-03-07,
290,66,1,2026-03-24,Disappointing from start to finish.
290,60,3,2024-12-11,
290,57,3,2025-02-25,
290,30,2,2025-10-05,
291,48,3,2023-05-05,
291,66,4,2024-10-12,
291,4,2,2023-01-09,
291,36,4,2024-01-25,
291,42,4,2025-03-08,
291,9,2,2023-10-06,
291,60,2,2026-04-26,
291,23,4,2026-05-24,
291,64,3,2025-12-18,
291,16,2,2025-11-26,Too crowded and overpriced for us.
291,49,3,2026-05-07,
291,11,1,2025-10-25,
292,48,4,2026-03-15,
292,60,5,2025-04-19,
292,47,4,2026-02-08,
292,21,4,2023-11-14,
292,12,4,2026-01-06,
292,45,4,2026-05-07,
292,58,5,2024-12-19,
293,32,3,2023-06-05,
293,22,5,2023-11-12,
293,8,3,2024-12-16,
293,44,4,2023-06-28,"Really enjoyed it, a few crowded spots."
293,31,5,2026-06-04,
294,53,2,2025-07-20,
294,16,4,2025-09-12,
294,65,4,2025-10-25,"Great trip, plan more days than we did."
294,43,4,2023-11-06,
294,21,3,2024-11-03,
294,59,2,2025-11-11,
294,8,3,2023-12-22,
295,59,5,2025-01-18,
295,12,4,2025-12-04,
295,21,4,2024-06-08,
296,52,5,2025-10-24,"Unforgettable, would go again tomorrow."
296,10,5,2024-03-03,
296,23,4,2025-05-27,"Really enjoyed it, a few crowded spots."
296,62,4,2024-08-15,
296,26,5,2023-12-14,
296,11,4,2025-11-07,
297,41,5,2023-05-04,"Unforgettable, would go again tomorrow."
297,23,5,2023-09-12,
297,46,4,2026-05-11,
297,38,3,2023-02-09,
297,30,3,2025-10-19,
298,33,4,2025-07-27,
298,34,5,2023-04-27,
298,40,5,2024-12-16,
298,52,5,2024-09-22,
298,29,5,2023-11-01,
298,14,5,2025-02-13,Easily one of my best trips.
298,22,3,2024-03-07,
299,10,2,2025-03-15,
299,60,4,2026-03-18,
299,35,5,2024-11-20,
299,7,3,2023-12-16,Fine for a short stop.
299,59,2,2024-01-22,
299,13,3,2025-06-24,
299,9,4,2025-01-02,
299,14,4,2023-11-02,
299,43,4,2024-12-15,"Lovely place, food was a highlight."
299,31,4,2024-04-12,"Lovely place, food was a highlight."
299,23,4,2026-06-07,"Really enjoyed it, a few crowded spots."
300,62,4,2024-02-17,
300,19,5,2025-11-20,Easily one of my best trips.
300,6,2,2025-11-26,
300,60,5,2023-12-20,Worth every rupee and every hour of travel.
301,49,5,2024-12-21,
301,64,5,2023-05-14,
301,23,1,2025-05-07,
301,62,3,2023-09-21,
301,31,5,2025-12-02,Easily one of my best trips.
301,2,5,2025-08-09,Worth every rupee and every hour of travel.
301,36,5,2025-11-14,
302,46,4,2023-10-09,
302,36,5,2025-10-08,
302,35,4,2025-05-06,
302,21,3,2024-02-01,
302,11,5,2026-01-18,
302,38,3,2025-02-10,
302,10,5,2023-02-05,
302,43,3,2024-11-04,
302,23,5,2024-10-22,
302,20,4,2024-12-03,
302,55,3,2026-01-13,Fine for a short stop.
302,12,4,2025-01-17,"Great trip, plan more days than we did."
302,59,4,2023-12-04,
302,58,3,2024-11-13,
302,31,3,2023-11-19,
302,8,3,2024-12-22,
303,43,5,2025-01-10,
303,14,5,2025-02-13,Easily one of my best trips.
303,58,4,2026-01-22,"Lovely place, food was a highlight."
303,12,5,2025-10-24,"Unforgettable, would go again tomorrow."
304,11,4,2026-03-24,"Really enjoyed it, a few crowded spots."
304,59,4,2025-12-11,
304,46,4,2025-09-20,"Great trip, plan more days than we did."
304,47,4,2024-03-19,
304,65,4,2026-02-07,
304,57,5,2023-12-24,"Unforgettable, would go again tomorrow."
304,64,5,2026-01-01,
304,28,4,2024-05-26,
304,23,4,2025-10-06,
304,45,5,2023-01-13,Worth every rupee and every hour of travel.
304,19,5,2024-09-10,
304,1,4,2024-08-17,
304,33,3,2024-08-20,
304,30,2,2025-11-19,
304,66,4,2024-11-18,"Really enjoyed it, a few crowded spots."
305,60,5,2025-03-02,
305,31,4,2023-01-10,
305,9,3,2023-11-22,
305,6,3,2024-03-17,
305,53,3,2023-07-07,"Some parts were great, others forgettable."
305,7,5,2026-03-27,
305,10,3,2026-03-21,
306,21,2,2023-03-11,
306,12,2,2024-03-22,Would not prioritise this again.
306,65,3,2024-06-01,
306,6,2,2026-03-04,
306,1,3,2024-10-21,
306,19,4,2025-11-15,
307,42,5,2024-12-14,Worth every rupee and every hour of travel.
307,66,5,2023-03-19,
307,43,3,2023-12-04,
307,30,3,2025-04-14,"Decent, but not what I expected."
307,10,3,2024-11-17,
307,52,2,2025-12-10,
307,28,3,2023-10-15,
307,15,2,2024-06-09,
307,61,4,2024-01-05,"Great trip, plan more days than we did."
308,29,5,2025-12-08,Easily one of my best trips.
308,34,5,2025-11-14,
308,33,5,2025-08-14,
308,30,5,2025-11-22,
308,39,4,2024-07-20,
308,1,4,2025-11-04,
308,65,5,2025-01-20,
308,3,4,2023-07-01,"Really enjoyed it, a few crowded spots."
308,35,5,2024-09-17,
309,30,5,2023-05-19,
309,18,3,2026-03-08,
309,29,5,2024-01-02,
309,49,4,2024-02-09,
309,34,5,2026-05-14,Worth every rupee and every hour of travel.
310,33,4,2025-08-08,"Great trip, plan more days than we did."
310,62,4,2024-03-06,"Great trip, plan more days than we did."
310,23,3,2025-04-05,
310,30,5,2023-03-16,
310,4,4,2023-11-16,
310,7,4,2025-12-17,"Really enjoyed it, a few crowded spots."
311,23,4,2025-09-20,"Really enjoyed it, a few crowded spots."
311,13,4,2024-01-26,"Great trip, plan more days than we did."
311,8,4,2025-10-15,"Really enjoyed it, a few crowded spots."
311,22,4,2024-05-16,"Really enjoyed it, a few crowded spots."
311,49,4,2024-02-12,
312,16,2,2025-10-03,Too crowded and overpriced for us.
312,30,3,2025-10-28,"Some parts were great, others forgettable."
312,29,3,2024-03-21,
312,38,4,2026-04-13,"Lovely place, food was a highlight."
312,65,4,2026-02-11,
312,62,3,2025-12-22,
312,21,4,2024-06-02,
313,23,5,2023-06-12,
313,30,3,2023-04-16,
313,59,3,2025-12-05,Fine for a short stop.
313,46,4,2025-08-27,"Really enjoyed it, a few crowded spots."
314,66,4,2023-01-15,
314,64,5,2025-11-07,"Unforgettable, would go again tomorrow."
314,29,5,2024-05-11,
314,34,4,2026-04-09,
314,30,5,2025-10-04,Easily one of my best trips.
314,33,4,2023-08-13,"Great trip, plan more days than we did."
314,46,5,2025-07-07,"Unforgettable, would go again tomorrow."
314,32,3,2023-06-17,
314,35,5,2023-11-06,
315,60,5,2025-03-23,
315,47,5,2026-04-20,Worth every rupee and every hour of travel.
315,14,3,2023-10-16,
315,26,4,2023-01-06,
315,58,5,2023-10-01,"Unforgettable, would go again tomorrow."
316,11,4,2026-01-07,"Great trip, plan more days than we did."
316,13,3,2024-11-27,Fine for a short stop.
316,8,5,2023-03-28,
316,16,4,2026-01-03,"Lovely place, food was a highlight."
316,33,4,2025-09-10,
316,63,5,2026-06-12,
317,23,3,2025-03-19,
317,36,4,2025-10-11,
317,45,4,2023-03-23,
317,21,3,2025-03-15,Fine for a short stop.
317,18,4,2025-12-05,
317,11,5,2024-09-11,Worth every rupee and every hour of travel.
317,22,3,2025-05-12,
317,8,4,2024-07-02,
317,31,3,2023-06-20,
317,47,4,2026-04-10,
317,20,5,2023-10-06,
318,54,3,2026-03-02,
318,66,1,2024-11-20,Not for us at all.
318,29,2,2023-05-02,
318,41,5,2026-04-27,
319,3,3,2024-11-18,"Some parts were great, others forgettable."
319,31,3,2026-03-22,"Decent, but not what I expected."
319,12,3,2023-02-16,
319,19,4,2024-11-26,
319,50,3,2023-12-05,Fine for a short stop.
319,65,4,2023-01-08,
320,20,4,2025-11-03,
320,57,5,2024-11-05,Easily one of my best trips.
320,12,5,2026-06-28,
320,6,5,2026-01-24,
320,23,4,2025-02-24,"Lovely place, food was a highlight."
320,65,5,2026-02-06,
320,42,4,2023-10-23,"Really enjoyed it, a few crowded spots."
320,4,5,2023-10-05,
320,14,5,2025-12-08,
320,1,4,2025-07-09,
321,35,5,2024-05-15,
321,49,5,2023-03-02,
321,36,5,2024-11-20,
321,43,3,2025-07-02,Fine for a short stop.
321,31,5,2026-02-25,
321,63,4,2024-03-16,"Lovely place, food was a highlight."
321,32,4,2025-01-19,
321,37,4,2025-06-11,
321,45,3,2025-05-27,"Some parts were great, others forgettable."
321,13,4,2023-12-09,
321,44,5,2025-03-14,
321,53,3,2025-09-02,
321,14,3,2023-12-15,
321,58,3,2025-05-19,
321,22,3,2023-05-25,
321,12,2,2023-12-08,
321,20,3,2024-03-05,Fine for a short stop.
322,28,5,2024-07-21,
322,45,3,2025-05-11,
322,22,3,2023-04-25,
322,35,5,2026-04-11,
323,62,4,2025-10-12,
323,63,4,2023-10-28,"Really enjoyed it, a few crowded spots."
323,19,4,2023-11-03,
323,9,3,2023-05-09,
323,4,4,2025-03-16,
323,60,3,2025-12-01,
323,14,5,2026-03-24,Easily one of my best trips.
324,36,4,2024-10-02,"Lovely place, food was a highlight."
324,9,4,2025-12-05,"Great trip, plan more days than we did."
324,11,3,2023-01-13,
325,42,4,2024-12-03,
325,16,4,2024-12-04,
325,41,4,2023-10-01,"Really enjoyed it, a few crowded spots."
325,13,4,2025-11-20,
325,20,4,2024-11-14,
325,43,2,2025-10-24,Weather spoiled most of the visit.
325,1,1,2024-12-24,Not for us at all.
325,63,5,2023-01-16,
325,36,3,2025-01-11,
325,14,4,2023-10-23,
325,17,5,2024-12-13,
325,55,3,2025-10-09,
325,5,2,2025-12-22,
325,26,3,2025-11-07,
325,23,4,2024-04-05,"Lovely place, food was a highlight."
325,66,3,2025-01-01,
325,49,3,2023-03-09,
325,21,3,2023-02-24,
325,57,3,2025-11-25,
326,54,4,2026-03-22,"Great trip, plan more days than we did."
326,60,5,2023-12-26,
326,47,4,2025-01-13,"Great trip, plan more days than we did."
326,53,4,2025-07-26,
326,19,5,2024-02-26,Easily one of my best trips.
326,1,3,2026-03-25,
326,25,5,2023-02-15,
326,7,4,2026-04-22,
326,4,5,2024-01-11,Easily one of my best trips.
326,29,4,2025-12-24,"Lovely place, food was a highlight."
326,63,3,2024-08-15,Fine for a short stop.
327,51,4,2025-11-03,"Really enjoyed it, a few crowded spots."
327,42,4,2025-03-24,
327,20,5,2024-01-14,"Unforgettable, would go again tomorrow."
327,15,4,2024-05-12,"Really enjoyed it, a few crowded spots."
328,32,4,2025-03-19,"Great trip, plan more days than we did."
328,41,4,2026-05-08,"Great trip, plan more days than we did."
328,33,3,2024-08-21,Fine for a short stop.
328,10,3,2023-01-19,
328,60,4,2026-02-07,
328,36,5,2024-11-28,
329,62,4,2024-01-12,
329,19,5,2023-03-08,
329,14,5,2024-11-05,
330,23,4,2025-11-16,"Really enjoyed it, a few crowded spots."
330,46,5,2026-06-14,
330,59,3,2023-10-21,
330,12,3,2025-10-12,
331,29,5,2023-06-11,
331,62,5,2026-02-19,"Unforgettable, would go again tomorrow."
331,19,5,2026-05-19,
332,41,5,2023-05-02,Worth every rupee and every hour of travel.
332,44,3,2025-11-05,"Some parts were great, others forgettable."
332,23,5,2025-10-15,
332,63,4,2023-12-18,"Really enjoyed it, a few crowded spots."
333,65,5,2026-02-24,
333,46,5,2025-08-13,Easily one of my best trips.
333,62,5,2023-12-10,
333,19,5,2023-03-13,
333,30,4,2024-12-26,
333,21,5,2024-03-04,
333,7,5,2024-11-28,"Unforgettable, would go again tomorrow."
333,38,5,2026-03-03,"Unforgettable, would go again tomorrow."
333,11,5,2025-12-26,
334,64,5,2026-02-17,
334,63,4,2025-01-07,"Great trip, plan more days than we did."
334,36,5,2023-03-09,
335,46,5,2025-08-14,
335,64,5,2025-10-09,"Unforgettable, would go again tomorrow."
335,28,5,2025-05-02,Easily one of my best trips.
335,51,3,2023-12-21,Fine for a short stop.
335,17,5,2024-12-08,
335,1,4,2023-10-01,"Lovely place, food was a highlight."
335,65,3,2023-02-28,
335,49,5,2025-05-23,
336,11,5,2023-11-13,
336,10,3,2026-02-06,
336,49,4,2024-01-26,
336,23,3,2023-05-08,"Decent, but not what I expected."
337,62,3,2025-12-05,"Some parts were great, others forgettable."
337,52,3,2025-11-28,
337,35,3,2023-08-20,
337,11,3,2025-10-25,
337,26,3,2026-02-28,
337,31,5,2025-12-03,
338,23,3,2026-05-18,
338,31,5,2024-06-08,
338,3,4,2025-10-22,
338,24,3,2025-02-28,"Decent, but not what I expected."
338,20,4,2025-10-20,
339,46,5,2025-10-01,Worth every rupee and every hour of travel.
339,1,4,2025-12-07,
339,12,3,2025-09-15,
339,3,4,2024-12-01,
339,65,4,2023-02-20,
339,16,1,2026-02-24,
339,52,5,2023-01-17,
339,18,4,2026-02-11,
339,45,3,2023-11-22,
339,11,3,2025-11-16,
339,17,5,2023-11-23,Easily one of my best trips.
339,29,4,2024-06-04,"Really enjoyed it, a few crowded spots."
339,8,3,2024-12-02,
339,6,5,2025-10-11,Worth every rupee and every hour of travel.
339,14,3,2025-11-09,
339,60,3,2025-03-28,
339,28,4,2025-08-21,
339,49,3,2025-04-06,
339,4,5,2024-01-04,
339,20,2,2026-02-02,
339,57,4,2025-11-14,"Really enjoyed it, a few crowded spots."
339,61,3,2023-12-11,
339,9,2,2026-03-16,
339,33,3,2024-04-07,Fine for a short stop.
339,25,3,2024-01-18,
339,47,3,2025-01-26,
339,59,3,2023-01-13,"Some parts were great, others forgettable."
339,13,3,2023-10-26,
339,64,3,2024-03-21,
339,66,2,2026-03-04,
339,39,4,2025-08-23,
339,23,3,2023-10-06,"Decent, but not what I expected."
339,21,3,2025-10-03,
340,26,4,2024-01-10,"Great trip, plan more days than we did."
340,11,3,2025-08-26,
340,57,4,2025-03-17,
340,23,4,2023-04-12,
340,28,5,2024-08-09,
340,46,5,2023-09-20,Worth every rupee and every hour of travel.
340,13,3,2025-03-20,Fine for a short stop.
340,20,3,2026-03-13,"Some parts were great, others forgettable."
340,41,5,2025-03-24,
340,64,4,2025-01-11,
340,66,5,2026-02-18,Easily one of my best trips.
340,54,4,2025-02-18,"Really enjoyed it, a few crowded spots."
340,6,1,2025-01-22,Disappointing from start to finish.
340,65,5,2025-03-09,
340,12,5,2025-02-15,
340,48,5,2024-05-16,
340,59,2,2026-03-18,
340,60,3,2024-02-15,
340,25,4,2026-03-10,
340,62,3,2024-02-10,
340,14,5,2024-10-07,Worth every rupee and every hour of travel.
341,48,5,2026-04-18,
341,41,5,2025-02-22,Easily one of my best trips.
341,54,3,2024-04-10,
341,20,5,2025-11-27,
341,9,4,2024-11-04,
341,3,5,2024-12-27,
341,60,4,2024-02-02,
341,22,5,2024-10-06,
341,23,5,2024-06-12,"Unforgettable, would go again tomorrow."
341,12,5,2025-01-06,"Unforgettable, would go again tomorrow."
342,41,5,2025-05-12,
342,35,5,2023-11-09,
342,31,5,2023-12-22,"Unforgettable, would go again tomorrow."
342,29,4,2023-06-13,"Lovely place, food was a highlight."
342,27,5,2023-08-12,
342,34,5,2023-05-13,
342,19,5,2024-11-14,
342,60,4,2025-02-27,
342,16,4,2024-10-05,"Really enjoyed it, a few crowded spots."
342,43,3,2026-03-28,
342,23,5,2025-09-14,
342,14,5,2024-10-15,
342,30,5,2025-12-10,"Unforgettable, would go again tomorrow."
342,12,4,2023-02-20,
342,38,3,2024-05-04,Fine for a short stop.
342,32,5,2024-04-25,Worth every rupee and every hour of travel.
342,53,5,2025-08-22,"Unforgettable, would go again tomorrow."
342,5,4,2023-10-26,
342,55,5,2023-12-02,"Unforgettable, would go again tomorrow."
343,62,3,2025-12-22,
343,54,4,2024-07-23,
343,21,3,2025-12-25,
344,35,5,2025-05-27,
344,20,4,2023-03-21,
344,23,4,2025-09-22,
344,32,2,2025-11-02,
344,60,4,2024-03-17,
344,14,4,2025-11-26,
344,56,3,2025-11-14,
344,31,4,2025-03-17,
344,50,4,2023-01-13,"Lovely place, food was a highlight."
345,49,4,2026-03-11,
345,27,4,2025-09-25,
345,16,4,2023-10-20,"Really enjoyed it, a few crowded spots."
345,48,3,2023-05-06,"Some parts were great, others forgettable."
345,26,5,2024-10-14,
345,11,3,2026-05-16,
345,66,4,2025-09-20,"Lovely place, food was a highlight."
345,35,4,2025-10-01,
345,45,2,2024-06-05,
345,3,1,2025-12-21,Not for us at all.
345,10,4,2026-02-10,
345,63,3,2024-12-09,
345,18,3,2025-11-18,
345,22,4,2025-03-17,
346,65,4,2025-10-19,"Really enjoyed it, a few crowded spots."
346,14,5,2024-12-21,
346,11,5,2023-12-23,
347,43,3,2025-11-02,
347,66,3,2024-11-23,"Decent, but not what I expected."
347,49,4,2025-11-20,"Lovely place, food was a highlight."
347,42,3,2023-11-19,
348,59,3,2024-11-19,
348,11,4,2023-10-27,
348,23,3,2023-04-22,
349,62,3,2023-02-09,Fine for a short stop.
349,38,4,2026-02-13,
349,18,4,2025-11-17,
349,44,4,2025-05-03,"Great trip, plan more days than we did."
349,31,4,2024-12-19,
349,42,4,2025-10-13,
350,20,4,2024-11-13,"Really enjoyed it, a few crowded spots."
350,21,3,2024-01-09,
350,33,5,2026-06-01,"Unforgettable, would go again tomorrow."
350,18,4,2026-01-22,
350,16,5,2024-01-11,"Unforgettable, would go again tomorrow."
350,27,5,2023-07-02,
350,31,5,2024-05-24,"Unforgettable, would go again tomorrow."
350,42,5,2024-01-04,"Unforgettable, would go again tomorrow."
350,58,5,2025-10-10,Worth every rupee and every hour of travel.
350,45,5,2023-01-01,
351,60,5,2025-04-10,
351,49,5,2024-03-23,Easily one of my best trips.
351,43,5,2023-12-07,
351,33,3,2024-09-04,Fine for a short stop.
351,53,4,2025-10-12,"Great trip, plan more days than we did."
351,56,2,2025-11-08,Weather spoiled most of the visit.
351,26,5,2025-12-23,Worth every rupee and every hour of travel.
351,11,4,2025-01-27,
351,41,4,2023-04-28,"Really enjoyed it, a few crowded spots."
351,16,5,2023-04-12,
351,14,5,2023-11-27,
352,35,4,2025-05-05,
352,58,4,2025-05-08,
352,53,3,2025-09-08,"Some parts were great, others forgettable."
352,41,5,2025-03-08,
352,23,4,2024-10-11,
352,31,3,2023-12-11,
353,64,4,2024-10-20,
353,60,3,2025-08-09,"Some parts were great, others forgettable."
353,65,4,2025-12-08,
353,58,4,2025-03-23,
353,28,3,2026-06-16,
353,55,3,2023-12-23,
353,57,5,2023-12-11,
353,59,3,2024-02-04,
353,51,4,2026-01-15,
353,46,5,2025-07-21,
354,19,2,2025-10-25,
354,36,5,2025-12-09,"Unforgettable, would go again tomorrow."
354,49,4,2025-03-09,
355,66,4,2026-03-16,
355,23,4,2025-04-21,"Great trip, plan more days than we did."
355,31,5,2024-01-18,
355,14,3,2023-01-01,
355,52,5,2023-08-05,
355,8,4,2025-10-16,
355,15,4,2025-03-28,"Lovely place, food was a highlight."
356,29,4,2025-01-18,"Great trip, plan more days than we did."
356,46,5,2023-07-05,"Unforgettable, would go again tomorrow."
356,59,3,2026-05-10,Fine for a short stop.
357,66,5,2025-02-01,
357,36,5,2024-04-14,"Unforgettable, would go again tomorrow."
357,41,5,2025-04-12,
357,30,3,2023-12-20,
358,39,2,2023-07-28,
358,3,3,2025-03-17,"Some parts were great, others forgettable."
358,60,4,2024-07-15,
358,62,3,2026-03-15,
358,64,4,2024-02-16,
358,18,4,2025-07-14,
358,31,3,2026-06-26,
358,46,4,2023-10-23,
358,21,4,2023-03-09,"Really enjoyed it, a few crowded spots."
358,52,4,2023-11-01,
359,23,3,2025-04-11,
359,7,3,2025-01-02,
359,66,2,2025-11-10,
359,60,4,2025-12-14,
359,31,4,2023-06-14,"Lovely place, food was a highlight."
359,38,2,2024-01-08,Would not prioritise this again.
360,28,4,2025-05-01,
360,46,5,2024-07-04,"Unforgettable, would go again tomorrow."
360,23,5,2024-02-20,Worth every rupee and every hour of travel.
360,14,3,2024-03-21,"Decent, but not what I expected."
360,48,5,2026-06-07,Easily one of my best trips.
360,63,3,2025-01-24,
360,35,3,2023-09-14,
360,3,3,2023-02-24,
360,7,3,2025-12-05,
361,45,5,2024-12-26,"Unforgettable, would go again tomorrow."
361,56,5,2025-01-27,Easily one of my best trips.
361,49,4,2024-04-10,
361,17,4,2023-10-27,
361,66,4,2025-02-08,
361,46,5,2023-10-25,
361,36,5,2024-02-05,
361,48,5,2026-04-18,
361,1,5,2025-04-08,
361,64,5,2024-05-17,
361,28,5,2023-07-21,
362,20,3,2025-11-18,
362,27,4,2025-07-19,
362,43,4,2025-11-10,
362,66,4,2026-02-24,"Great trip, plan more days than we did."
362,64,3,2025-12-21,
362,12,3,2026-01-07,
362,8,4,2025-12-21,
362,42,4,2023-01-10,
362,37,2,2023-09-13,Weather spoiled most of the visit.
362,60,5,2025-03-26,
362,36,3,2025-04-27,"Some parts were great, others forgettable."
363,59,4,2023-01-24,
363,7,4,2025-12-22,
363,14,4,2026-02-09,
363,60,5,2024-01-09,
363,52,2,2025-10-13,Weather spoiled most of the visit.
363,64,3,2025-01-10,"Decent, but not what I expected."
364,65,5,2025-09-04,
364,32,5,2023-04-11,
364,66,3,2024-02-20,
364,35,3,2024-05-14,
364,4,4,2024-03-02,
364,42,4,2024-01-18,"Lovely place, food was a highlight."
365,19,5,2025-11-19,
365,11,5,2023-12-13,
365,26,4,2025-10-18,"Lovely place, food was a highlight."
365,23,4,2023-04-11,"Great trip, plan more days than we did."
365,31,2,2024-01-18,
365,41,5,2024-04-17,
365,60,4,2023-02-25,
365,62,3,2025-11-12,"Decent, but not what I expected."
365,10,4,2025-07-18,
365,54,5,2025-09-02,
366,22,5,2024-06-06,
366,8,3,2023-12-10,Fine for a short stop.
366,60,4,2023-03-04,"Lovely place, food was a highlight."
366,45,5,2023-05-27,"Unforgettable, would go again tomorrow."
366,41,5,2025-10-18,
366,35,3,2025-11-14,
366,23,4,2025-06-19,
366,57,5,2025-10-15,
366,53,5,2026-03-18,"Unforgettable, would go again tomorrow."
367,1,5,2025-02-02,
367,43,5,2024-01-01,
367,60,5,2023-03-13,
367,38,5,2023-10-25,"Unforgettable, would go again tomorrow."
367,7,5,2024-08-18,
367,63,3,2025-12-15,
367,3,4,2024-02-28,
367,29,3,2026-01-16,
367,57,5,2025-11-18,
367,51,4,2024-12-11,
367,41,4,2024-05-23,
367,21,4,2024-12-20,
367,52,4,2023-08-13,"Really enjoyed it, a few crowded spots."
367,64,4,2025-12-06,
367,6,3,2024-10-04,
368,64,5,2024-03-20,"Unforgettable, would go again tomorrow."
368,36,5,2023-07-27,
368,56,4,2024-12-07,"Great trip, plan more days than we did."
368,66,5,2024-12-24,
368,8,5,2026-02-28,Easily one of my best trips.
368,48,4,2023-10-09,
369,1,3,2025-08-06,
369,12,5,2025-02-09,Worth every rupee and every hour of travel.
369,6,4,2023-11-22,
369,29,4,2026-06-04,
369,57,5,2024-12-18,
369,52,5,2025-09-08,
369,14,5,2023-08-26,Easily one of my best trips.
369,4,4,2024-09-06,"Great trip, plan more days than we did."
369,36,4,2025-11-16,"Great trip, plan more days than we did."
369,30,4,2023-03-18,"Great trip, plan more days than we did."
370,20,4,2024-02-05,"Great trip, plan more days than we did."
370,6,2,2025-06-03,
370,35,5,2025-04-14,
370,64,2,2026-02-14,Would not prioritise this again.
371,36,3,2025-03-04,
371,23,5,2025-06-07,
371,1,1,2025-08-06,
371,9,3,2026-01-16,Fine for a short stop.
371,47,3,2024-04-28,Fine for a short stop.
371,18,5,2025-12-04,
371,59,4,2025-02-28,
371,38,5,2024-09-08,
371,44,4,2025-12-06,
371,35,3,2023-09-13,"Some parts were great, others forgettable."
372,62,4,2026-01-26,"Really enjoyed it, a few crowded spots."
372,11,4,2025-11-08,
372,60,4,2025-02-22,
372,4,4,2024-12-28,"Great trip, plan more days than we did."
372,15,3,2025-06-02,
372,45,4,2023-02-22,
372,49,4,2024-11-10,"Great trip, plan more days than we did."
372,21,5,2025-02-12,
372,14,4,2024-10-09,
372,19,4,2024-10-21,
373,31,5,2026-06-15,
373,23,3,2026-06-05,
373,18,3,2026-01-02,
373,42,3,2024-06-24,
373,35,4,2023-09-10,
373,41,4,2024-10-02,
373,16,4,2024-09-22,
373,64,3,2026-03-17,
373,26,3,2026-03-06,
373,13,4,2023-03-21,
373,9,4,2026-03-11,
373,12,2,2025-12-18,
374,46,5,2023-10-08,
374,47,5,2025-01-20,"Unforgettable, would go again tomorrow."
374,21,4,2025-03-26,
374,58,5,2023-01-23,
375,31,4,2024-10-02,
375,33,2,2026-06-03,Would not prioritise this again.
375,53,5,2024-06-02,
376,43,3,2025-09-17,"Some parts were great, others forgettable."
376,46,3,2023-10-27,
376,21,4,2024-01-08,"Really enjoyed it, a few crowded spots."
376,23,4,2024-05-13,
376,8,5,2023-12-11,
376,66,4,2025-01-19,"Lovely place, food was a highlight."
376,36,4,2024-01-01,"Really enjoyed it, a few crowded spots."
376,1,4,2023-03-24,
376,18,3,2025-10-13,Fine for a short stop.
376,52,4,2025-08-13,
376,7,3,2025-12-22,
376,20,4,2023-03-02,"Lovely place, food was a highlight."
376,12,4,2025-12-23,
376,59,4,2025-11-11,
376,33,4,2023-09-04,
376,11,4,2025-01-28,
376,47,4,2023-05-09,"Lovely place, food was a highlight."
376,3,5,2023-03-28,Easily one of my best trips.
376,62,3,2023-10-27,"Decent, but not what I expected."
376,29,3,2024-06-20,
376,57,4,2023-03-10,"Really enjoyed it, a few crowded spots."
376,15,4,2024-02-17,
376,22,3,2024-05-19,
376,37,4,2026-05-03,
376,56,4,2024-05-03,
376,45,5,2024-11-13,
377,16,3,2025-02-11,
377,49,5,2024-04-14,Easily one of my best trips.
377,9,3,2023-10-17,
377,10,3,2026-02-16,
377,20,4,2025-10-19,
377,11,4,2025-12-20,"Great trip, plan more days than we did."
377,22,2,2023-03-22,
377,8,2,2025-12-12,
377,31,4,2023-01-01,
378,12,4,2025-02-04,
378,3,3,2026-01-23,"Decent, but not what I expected."
378,55,5,2023-12-16,
378,23,3,2026-06-17,
379,64,5,2023-11-09,
379,41,5,2025-11-04,
379,34,4,2026-02-27,"Lovely place, food was a highlight."
379,32,5,2024-05-10,"Unforgettable, would go again tomorrow."
379,31,5,2023-05-27,
379,38,4,2025-01-15,
380,35,5,2025-12-19,Easily one of my best trips.
380,23,2,2025-10-25,
380,33,3,2025-07-05,"Some parts were great, others forgettable."
380,32,3,2024-05-16,
380,55,3,2026-02-21,
380,30,4,2024-03-13,
380,1,3,2026-02-21,
380,29,5,2025-01-11,
380,64,3,2024-02-14,
380,34,4,2024-06-27,
381,42,5,2025-01-02,
381,21,3,2023-11-09,
381,31,5,2024-05-14,
381,1,4,2025-11-03,
382,31,4,2026-01-14,"Lovely place, food was a highlight."
382,35,3,2023-03-09,
382,8,3,2026-01-22,
382,11,2,2024-12-10,
383,50,5,2024-10-16,
383,62,4,2024-03-11,"Great trip, plan more days than we did."
383,63,4,2026-02-14,"Really enjoyed it, a few crowded spots."
383,18,4,2024-01-23,
383,42,5,2026-03-07,
383,11,3,2023-05-24,
383,64,5,2024-12-14,"Unforgettable, would go again tomorrow."
383,14,3,2026-02-03,
383,4,3,2024-04-05,Fine for a short stop.
383,46,4,2024-06-14,
383,17,5,2025-10-15,
384,32,4,2025-10-13,
384,41,5,2023-03-16,Worth every rupee and every hour of travel.
384,66,5,2025-10-24,
384,56,5,2025-01-20,
384,31,5,2025-06-01,Worth every rupee and every hour of travel.
384,35,4,2025-10-04,"Lovely place, food was a highlight."
384,36,5,2024-06-01,
384,23,4,2025-10-16,
384,48,4,2023-10-13,
384,65,3,2024-12-04,
384,64,4,2023-10-15,"Really enjoyed it, a few crowded spots."
385,17,4,2025-11-15,
385,14,4,2025-02-26,"Really enjoyed it, a few crowded spots."
385,45,3,2026-05-26,
386,49,4,2024-02-22,
386,3,4,2025-01-08,
386,60,4,2026-04-25,
386,19,5,2024-03-17,
386,1,3,2023-11-06,"Decent, but not what I expected."
387,62,5,2023-10-12,
387,19,5,2023-01-25,
387,28,3,2026-05-01,
387,64,4,2024-03-25,
387,66,3,2024-11-28,
388,25,2,2025-02-28,
388,1,2,2026-02-11,Weather spoiled most of the visit.
388,57,5,2026-04-16,
388,11,3,2026-02-15,
388,41,4,2025-05-16,
388,59,4,2024-01-12,"Really enjoyed it, a few crowded spots."
388,22,3,2026-05-22,Fine for a short stop.
388,29,3,2023-06-01,"Some parts were great, others forgettable."
388,49,3,2026-01-07,Fine for a short stop.
388,50,3,2025-12-23,
388,37,3,2025-03-12,
388,34,3,2025-11-16,
388,23,4,2025-04-12,
388,44,3,2025-09-09,
388,46,3,2023-06-04,
388,65,2,2025-11-22,
388,45,3,2024-11-08,
388,54,4,2023-01-07,
388,60,3,2025-02-14,
388,33,2,2025-12-27,Would not prioritise this again.
388,62,3,2025-03-27,
388,64,3,2025-11-26,Fine for a short stop.
388,15,4,2023-01-18,
388,53,4,2023-09-06,
388,31,4,2023-04-27,"Really enjoyed it, a few crowded spots."
389,41,5,2026-03-11,
389,31,5,2023-06-18,
389,23,5,2025-10-21,
389,15,4,2026-03-10,
389,49,3,2025-03-02,
389,35,3,2023-08-10,"Some parts were great, others forgettable."
389,65,3,2025-12-09,
389,10,2,2023-11-09,Weather spoiled most of the visit.
389,53,2,2026-03-13,Weather spoiled most of the visit.
390,10,3,2024-02-19,
390,28,4,2023-09-14,
390,60,3,2023-04-11,"Decent, but not what I expected."
390,62,4,2025-01-28,"Really enjoyed it, a few crowded spots."
390,58,3,2023-01-07,
390,65,5,2024-10-09,
390,51,3,2025-11-02,
390,59,3,2026-05-02,
390,42,5,2023-10-20,
391,58,5,2025-10-22,"Unforgettable, would go again tomorrow."
391,41,5,2026-05-09,Easily one of my best trips.
391,54,4,2023-03-07,
391,21,5,2024-02-06,
391,31,5,2026-01-21,
391,43,4,2024-03-03,
391,13,4,2024-12-04,
392,43,3,2025-12-27,"Some parts were great, others forgettable."
392,32,5,2026-03-07,
392,9,5,2024-02-15,
393,1,5,2023-03-03,Easily one of my best trips.
393,64,4,2023-02-03,
393,53,2,2024-06-12,
393,7,4,2026-02-28,
393,14,5,2025-10-06,
393,11,3,2023-03-11,
393,60,2,2026-01-01,
393,57,4,2023-03-28,"Really enjoyed it, a few crowded spots."
394,35,5,2025-05-14,
394,14,5,2024-10-24,
394,3,5,2023-03-09,Worth every rupee and every hour of travel.
394,50,4,2024-04-17,"Great trip, plan more days than we did."
394,11,4,2024-12-21,"Really enjoyed it, a few crowded spots."
394,12,5,2026-02-11,
394,7,4,2024-03-26,
394,38,3,2026-06-03,"Some parts were great, others forgettable."
395,43,4,2024-02-05,
395,42,5,2026-02-01,
395,66,5,2026-03-19,
395,48,4,2024-09-26,
395,8,3,2025-12-27,Fine for a short stop.
396,1,4,2023-11-25,"Lovely place, food was a highlight."
396,28,4,2025-10-15,
396,11,4,2026-03-23,
396,35,3,2025-10-01,
397,55,4,2025-10-16,
397,31,5,2023-01-08,"Unforgettable, would go again tomorrow."
397,62,5,2026-02-07,
397,23,5,2024-11-18,
397,20,3,2024-02-05,"Decent, but not what I expected."
397,64,3,2026-03-04,
397,21,4,2026-06-22,
397,19,5,2023-03-19,
397,13,3,2023-01-21,Fine for a short stop.
397,26,5,2025-11-13,Worth every rupee and every hour of travel.
398,23,3,2025-11-05,
398,64,3,2023-11-07,
398,66,5,2026-04-12,
398,36,5,2023-10-20,Easily one of my best trips.
398,8,5,2023-03-19,
398,32,3,2023-04-27,Fine for a short stop.
398,11,4,2026-01-11,"Great trip, plan more days than we did."
398,56,4,2023-02-27,
398,31,3,2024-12-09,
398,26,3,2025-12-10,
399,11,5,2024-10-25,
399,18,3,2023-02-13,
399,10,5,2025-01-05,
399,49,5,2025-12-12,
399,29,4,2025-06-13,
399,62,5,2025-03-05,
399,19,3,2025-01-24,
399,60,4,2024-04-22,
399,17,5,2024-02-10,
399,63,2,2024-01-08,
399,61,3,2024-01-20,
400,23,3,2023-09-10,"Some parts were great, others forgettable."
400,31,4,2026-03-08,
400,55,3,2024-10-17,
400,18,2,2025-11-17,
400,13,2,2023-10-02,
400,59,2,2026-01-17,
400,16,3,2025-09-17,
400,63,2,2024-11-21,
401,31,4,2023-06-08,
401,22,5,2023-11-19,"Unforgettable, would go again tomorrow."
401,8,4,2025-11-10,
401,41,4,2025-03-20,
401,64,5,2023-02-17,Worth every rupee and every hour of travel.
401,56,5,2023-12-14,
401,9,4,2025-12-04,
401,23,3,2023-05-20,Fine for a short stop.
401,14,4,2025-01-10,
401,66,5,2026-02-05,Easily one of my best trips.
401,49,3,2026-03-12,"Some parts were great, others forgettable."
402,51,4,2025-10-06,
402,41,5,2025-08-20,
402,9,2,2025-11-04,Weather spoiled most of the visit.
402,38,4,2025-11-23,
402,46,4,2024-08-23,"Great trip, plan more days than we did."
403,3,4,2025-11-17,
403,59,5,2023-10-09,
403,66,3,2025-11-28,Fine for a short stop.
403,57,4,2024-01-12,
403,1,4,2026-02-19,
403,56,4,2026-01-13,
403,12,4,2023-11-17,"Lovely place, food was a highlight."
403,64,4,2026-02-22,"Really enjoyed it, a few crowded spots."
403,8,5,2025-10-19,
403,38,5,2026-05-24,"Unforgettable, would go again tomorrow."
403,48,5,2024-10-15,
403,20,5,2024-02-11,Worth every rupee and every hour of travel.
403,60,5,2024-03-22,
403,21,5,2026-01-27,
404,35,4,2023-09-25,
404,63,3,2023-02-18,
404,43,5,2024-10-19,Easily one of my best trips.
405,30,5,2025-10-28,
405,23,5,2025-07-12,
405,31,5,2025-06-05,"Unforgettable, would go again tomorrow."
405,46,5,2023-06-07,
405,41,4,2025-10-28,
405,61,5,2024-11-11,
406,60,5,2025-12-19,
406,19,5,2024-10-14,
406,65,5,2025-10-01,
406,23,4,2024-05-20,
406,62,5,2025-01-20,
407,60,3,2023-12-04,Fine for a short stop.
407,49,5,2024-04-21,
407,58,4,2023-10-15,"Great trip, plan more days than we did."
407,33,3,2024-07-13,"Decent, but not what I expected."
407,41,4,2024-05-28,
407,7,2,2026-03-06,Would not prioritise this again.
407,37,4,2025-03-13,
407,43,4,2024-10-27,
407,11,5,2025-02-22,"Unforgettable, would go again tomorrow."
407,64,4,2024-02-06,
407,1,4,2025-02-12,
407,26,3,2025-11-27,
407,45,4,2025-04-23,
407,39,5,2023-09-02,
407,66,4,2024-10-18,"Really enjoyed it, a few crowded spots."
407,20,3,2025-12-18,
407,10,3,2025-09-27,"Some parts were great, others forgettable."
407,31,5,2024-06-19,
407,28,4,2024-04-21,"Really enjoyed it, a few crowded spots."
407,5,2,2025-12-27,
407,62,4,2025-12-16,
407,22,3,2025-10-03,
408,45,5,2024-12-23,
408,62,3,2025-11-17,"Decent, but not what I expected."
408,28,5,2023-09-23,
409,13,4,2025-10-11,
409,29,5,2025-02-02,
409,23,5,2025-09-22,
409,1,5,2023-10-03,Easily one of my best trips.
409,65,5,2025-02-03,Worth every rupee and every hour of travel.
409,12,5,2024-12-18,
409,18,3,2023-09-21,"Decent, but not what I expected."
409,48,3,2025-11-12,
409,14,5,2024-12-19,
409,25,5,2026-03-18,Easily one of my best trips.
409,57,5,2024-02-05,
409,63,4,2024-02-22,"Really enjoyed it, a few crowded spots."
410,19,5,2024-03-17,
410,32,5,2024-11-21,
410,2,4,2026-03-13,
410,66,5,2023-01-06,
410,30,4,2024-10-27,
410,35,5,2025-12-27,
410,23,5,2025-10-03,Worth every rupee and every hour of travel.
410,48,5,2025-01-12,Easily one of my best trips.
410,41,4,2023-11-06,
410,56,4,2025-12-05,
410,31,5,2023-01-22,
410,52,4,2025-12-26,
410,36,4,2024-12-14,
411,21,3,2023-12-26,
411,20,5,2023-02-12,
411,29,3,2024-09-10,"Decent, but not what I expected."
411,30,3,2025-04-19,Fine for a short stop.
411,36,3,2023-02-12,Fine for a short stop.
411,42,4,2025-02-07,
411,64,3,2026-01-20,
411,32,2,2023-03-27,
412,23,5,2023-05-05,"Unforgettable, would go again tomorrow."
412,48,5,2024-03-06,
412,18,4,2024-09-10,
412,56,4,2024-11-17,"Lovely place, food was a highlight."
412,52,4,2025-07-10,
412,31,5,2024-01-28,
412,58,3,2026-02-02,"Some parts were great, others forgettable."
412,8,3,2023-12-02,
413,47,3,2025-03-19,Fine for a short stop.
413,9,2,2024-11-13,
413,23,3,2025-05-07,"Some parts were great, others forgettable."
413,54,4,2025-10-21,
413,46,4,2023-08-20,
413,44,4,2023-11-01,"Lovely place, food was a highlight."
414,41,5,2026-04-03,
414,6,3,2025-01-18,
414,31,5,2024-04-25,
414,3,3,2025-11-12,
414,23,4,2024-09-12,
414,30,4,2024-06-17,
414,65,4,2025-12-17,
414,53,5,2023-10-25,
415,23,5,2025-09-06,
415,66,4,2025-10-16,"Lovely place, food was a highlight."
415,15,4,2025-11-26,
415,38,4,2023-06-11,"Great trip, plan more days than we did."
416,23,2,2026-04-21,
416,15,2,2024-12-15,
416,32,5,2023-05-07,Worth every rupee and every hour of travel.
416,52,4,2024-01-22,
416,66,4,2025-03-28,
416,14,3,2025-10-26,"Decent, but not what I expected."
416,35,3,2025-04-05,
417,62,4,2025-04-16,
417,22,5,2025-10-14,"Unforgettable, would go again tomorrow."
417,45,5,2025-06-25,
417,18,5,2023-09-13,
418,41,5,2024-05-08,Easily one of my best trips.
418,50,3,2025-03-06,"Some parts were great, others forgettable."
418,19,4,2026-03-15,
418,17,4,2025-02-27,
418,64,3,2026-01-04,"Decent, but not what I expected."
418,30,2,2024-05-03,
418,53,3,2024-08-14,
418,49,3,2024-04-05,
418,31,4,2026-01-06,
418,23,3,2024-05-16,"Decent, but not what I expected."
419,20,5,2023-03-17,
419,30,5,2023-12-03,
419,28,4,2024-05-16,
419,33,4,2025-09-12,
419,15,3,2026-02-15,
419,36,5,2025-11-27,Easily one of my best trips.
419,29,4,2024-01-26,
419,2,4,2023-11-04,
420,31,4,2025-12-02,
420,29,3,2023-04-10,
420,13,3,2024-03-17,
420,21,4,2025-11-03,"Really enjoyed it, a few crowded spots."
420,9,2,2024-11-16,
420,49,3,2025-05-14,
420,42,4,2024-01-22,
420,59,2,2025-10-28,Too crowded and overpriced for us.
421,10,4,2025-01-06,
421,26,4,2023-02-24,"Great trip, plan more days than we did."
421,62,3,2025-10-03,Fine for a short stop.
421,43,3,2025-09-25,Fine for a short stop.
421,35,5,2024-10-21,
422,9,5,2023-12-09,
422,53,5,2025-08-26,"Unforgettable, would go again tomorrow."
422,31,5,2024-01-03,Easily one of my best trips.
422,37,5,2025-04-01,
422,60,4,2025-12-13,"Really enjoyed it, a few crowded spots."
422,23,5,2024-04-21,
422,54,5,2025-03-19,Easily one of my best trips.
422,48,5,2026-05-07,"Unforgettable, would go again tomorrow."
422,22,5,2025-03-09,
423,21,5,2023-03-09,
423,60,3,2025-03-24,
423,46,5,2026-06-07,
424,29,4,2024-06-27,
424,1,4,2023-10-12,
424,52,4,2025-07-14,
424,12,3,2025-01-22,
425,11,3,2023-01-18,"Some parts were great, others forgettable."
425,1,4,2025-02-15,
425,3,4,2025-12-24,
425,29,3,2026-02-03,
425,12,3,2026-04-02,
425,26,2,2026-02-10,
426,63,5,2025-02-06,
426,35,5,2024-02-27,Worth every rupee and every hour of travel.
426,20,5,2025-11-15,
427,66,4,2025-11-21,
427,42,3,2025-12-02,"Some parts were great, others forgettable."
427,60,4,2023-04-27,
427,43,4,2026-01-05,
428,64,3,2024-06-13,"Some parts were great, others forgettable."
428,25,4,2023-01-03,
428,41,4,2025-04-01,"Really enjoyed it, a few crowded spots."
428,16,5,2025-02-12,
428,14,4,2024-03-28,
428,54,4,2025-07-17,
428,32,4,2025-03-23,
429,46,3,2023-10-24,
429,2,5,2023-11-11,
429,32,5,2024-01-24,Easily one of my best trips.
429,62,5,2025-10-13,
429,11,4,2025-07-24,
429,49,4,2023-03-03,
429,21,5,2025-10-24,
429,14,4,2025-02-23,
429,13,3,2024-11-13,
429,23,4,2024-04-19,
429,60,5,2024-02-08,
429,64,5,2024-11-04,
429,26,4,2023-11-22,
429,20,3,2024-11-01,
429,1,5,2025-08-16,
429,50,5,2025-02-09,
429,42,5,2024-12-11,Worth every rupee and every hour of travel.
429,47,5,2026-01-20,
429,29,4,2024-02-18,
429,31,4,2025-08-21,
429,36,5,2024-11-24,
429,38,4,2023-03-09,
429,9,5,2023-11-08,Worth every rupee and every hour of travel.
429,58,4,2025-12-03,
429,18,3,2025-12-17,
429,52,5,2024-12-10,
429,8,4,2026-01-21,
429,30,5,2024-11-25,
429,33,3,2023-09-04,
429,65,4,2023-01-02,
430,19,5,2023-10-18,"Unforgettable, would go again tomorrow."
430,41,5,2025-03-18,Worth every rupee and every hour of travel.
430,26,4,2025-01-12,
430,14,5,2026-02-25,
430,23,4,2023-09-26,
430,11,4,2026-04-20,
430,65,5,2025-10-20,Worth every rupee and every hour of travel.
430,1,5,2026-02-28,Easily one of my best trips.
430,10,3,2023-02-10,
430,46,4,2024-08-04,"Lovely place, food was a highlight."
430,12,5,2023-06-26,
430,21,3,2023-08-05,
430,30,5,2025-06-12,
431,31,4,2023-07-18,"Great trip, plan more days than we did."
431,41,4,2024-10-24,
431,26,3,2023-12-13,
431,13,4,2025-02-24,
431,18,4,2024-10-14,
431,37,3,2026-05-24,
431,44,3,2025-12-06,
431,25,2,2024-12-02,
431,30,3,2025-11-23,Fine for a short stop.
431,23,4,2026-04-03,
431,6,2,2024-10-27,
431,66,4,2025-10-24,"Lovely place, food was a highlight."
431,9,3,2026-03-22,
431,22,4,2025-11-01,
431,64,3,2025-12-04,
431,2,3,2025-12-07,
432,58,3,2023-11-15,
432,37,4,2023-05-07,
432,29,4,2023-02-22,"Really enjoyed it, a few crowded spots."
432,4,4,2023-10-15,"Really enjoyed it, a few crowded spots."
432,31,4,2026-06-21,"Great trip, plan more days than we did."
432,9,4,2024-10-08,
432,35,3,2025-11-23,
432,49,4,2023-04-14,
432,14,4,2023-10-15,
432,30,4,2025-10-25,"Really enjoyed it, a few crowded spots."
432,66,3,2023-02-08,
432,15,2,2023-02-28,Weather spoiled most of the visit.
432,1,4,2025-03-16,
432,64,4,2024-11-22,
432,12,3,2024-02-28,Fine for a short stop.
432,52,5,2025-07-12,Easily one of my best trips.
432,10,2,2025-12-06,
432,32,3,2025-02-04,
432,36,4,2023-05-03,
432,33,4,2025-03-07,"Lovely place, food was a highlight."
433,23,4,2024-05-25,
433,18,3,2025-10-22,
433,21,5,2024-02-08,Easily one of my best trips.
433,42,4,2023-11-27,
433,20,4,2025-03-13,
433,47,5,2023-03-11,
433,46,5,2024-10-14,"Unforgettable, would go again tomorrow."
434,42,5,2024-02-05,
434,59,5,2024-05-07,
434,20,5,2025-02-27,Easily one of my best trips.
434,28,5,2023-07-13,
434,60,4,2023-12-06,"Really enjoyed it, a few crowded spots."
434,47,5,2024-01-02,
434,7,5,2025-04-04,
435,1,4,2023-01-22,
435,3,5,2025-05-11,
435,49,4,2026-05-17,
435,10,3,2023-03-02,
435,52,5,2025-10-25,
435,64,3,2025-08-21,Fine for a short stop.
435,62,3,2025-03-23,
435,65,4,2024-01-07,
435,29,3,2024-02-22,Fine for a short stop.
435,12,4,2025-12-18,"Really enjoyed it, a few crowded spots."
435,31,4,2024-03-19,"Lovely place, food was a highlight."
436,14,5,2024-10-19,Easily one of my best trips.
436,41,5,2025-10-17,
436,20,4,2023-03-17,
436,12,5,2023-10-19,
436,4,5,2023-11-14,
436,23,5,2023-01-12,
436,26,4,2023-01-26,
436,49,4,2023-03-08,
436,17,3,2025-11-25,
436,53,4,2024-09-28,
436,31,4,2025-12-11,"Lovely place, food was a highlight."
436,58,4,2025-10-02,"Lovely place, food was a highlight."
436,60,4,2025-11-17,
436,7,4,2023-10-26,
437,45,5,2025-12-04,Easily one of my best trips.
437,30,4,2023-03-11,
437,52,3,2024-08-03,
437,5,2,2025-10-26,Weather spoiled most of the visit.
437,44,5,2024-10-08,Easily one of my best trips.
437,23,5,2025-09-02,
437,33,4,2024-08-22,
437,53,3,2025-10-17,
437,37,5,2023-04-22,"Unforgettable, would go again tomorrow."
438,38,4,2024-05-04,
438,35,5,2025-10-04,"Unforgettable, would go again tomorrow."
438,42,3,2025-11-25,
439,23,5,2023-09-21,
439,28,5,2025-07-13,
439,45,5,2025-12-22,
439,46,5,2025-09-14,
439,18,5,2025-09-19,
439,1,3,2025-10-12,
439,9,5,2023-09-28,
440,23,5,2025-10-04,Worth every rupee and every hour of travel.
440,20,4,2026-02-16,
440,16,2,2024-12-06,
440,35,4,2024-05-02,
440,11,2,2025-11-20,
440,19,4,2024-10-26,"Really enjoyed it, a few crowded spots."
440,44,4,2023-06-16,
441,30,4,2025-05-11,"Lovely place, food was a highlight."
441,9,4,2024-01-20,"Great trip, plan more days than we did."
441,43,4,2025-11-27,
442,30,5,2025-11-05,
442,38,2,2024-02-20,
442,31,5,2026-03-15,
442,40,5,2026-02-08,
442,46,3,2026-06-15,
442,32,3,2024-09-20,
442,9,2,2024-07-28,Too crowded and overpriced for us.
442,56,2,2025-11-26,
443,25,2,2026-01-06,
443,46,4,2025-12-19,
443,48,3,2023-03-19,
444,29,5,2023-01-07,"Unforgettable, would go again tomorrow."
444,10,3,2023-03-21,
444,26,5,2025-11-01,Easily one of my best trips.
444,64,3,2026-02-21,
445,49,5,2023-01-22,Worth every rupee and every hour of travel.
445,11,5,2024-11-13,
445,58,4,2025-10-02,
446,23,3,2023-06-21,"Decent, but not what I expected."
446,52,3,2023-02-24,
446,31,3,2025-01-16,
446,22,3,2024-11-24,"Some parts were great, others forgettable."
446,39,4,2025-07-17,
446,1,3,2023-03-28,
446,45,1,2024-07-08,
446,35,2,2024-05-15,
446,38,2,2023-03-15,
447,23,5,2026-04-21,
447,6,2,2023-02-10,
447,21,3,2025-03-12,
447,15,3,2025-10-27,"Decent, but not what I expected."
447,62,3,2023-02-25,
447,64,3,2023-02-09,
447,65,3,2023-03-02,"Some parts were great, others forgettable."
447,26,4,2023-05-17,"Lovely place, food was a highlight."
447,31,4,2023-06-20,
448,4,5,2023-04-04,Easily one of my best trips.
448,12,4,2023-11-12,
448,63,2,2024-05-23,
448,1,3,2024-10-26,
448,65,4,2026-01-25,
448,13,2,2025-11-08,Would not prioritise this again.
448,49,3,2025-03-09,
448,14,4,2025-01-10,
448,59,3,2024-02-22,
448,11,3,2024-12-25,"Some parts were great, others forgettable."
448,26,2,2024-02-15,Too crowded and overpriced for us.
448,46,4,2024-10-20,
449,57,5,2025-12-08,
449,65,4,2024-02-26,
449,52,5,2025-10-08,
449,1,5,2023-11-17,
450,43,5,2023-10-11,Easily one of my best trips.
450,60,5,2025-04-27,Worth every rupee and every hour of travel.
450,16,2,2023-01-21,
450,58,4,2023-12-16,
450,30,2,2025-03-14,Would not prioritise this again.
450,23,3,2025-10-01,
450,21,4,2024-02-08,
450,38,5,2023-03-19,
451,28,4,2023-02-28,
451,11,4,2025-07-25,
451,63,3,2023-11-03,
451,57,5,2023-09-08,Worth every rupee and every hour of travel.
451,1,4,2025-07-06,"Great trip, plan more days than we did."
452,23,5,2026-06-18,Easily one of my best trips.
452,41,4,2024-10-15,"Great trip, plan more days than we did."
452,45,3,2026-03-26,
452,18,4,2023-09-10,"Great trip, plan more days than we did."
452,52,3,2025-07-09,"Decent, but not what I expected."
452,9,4,2025-10-08,"Really enjoyed it, a few crowded spots."
453,47,5,2024-03-03,
453,18,4,2026-03-23,"Great trip, plan more days than we did."
453,1,2,2023-10-11,
453,64,3,2025-02-19,"Some parts were great, others forgettable."
453,29,4,2023-02-05,
453,52,4,2025-12-08,"Really enjoyed it, a few crowded spots."
453,11,3,2026-01-20,
454,20,3,2024-01-24,
454,45,5,2023-04-10,"Unforgettable, would go again tomorrow."
454,58,3,2025-10-03,
454,57,5,2023-11-23,"Unforgettable, would go again tomorrow."
454,62,2,2024-03-18,
454,44,4,2026-04-06,
454,54,5,2024-12-15,
455,52,5,2026-01-25,
455,23,5,2023-09-26,
455,1,5,2023-09-25,"Unforgettable, would go again tomorrow."
456,49,4,2023-11-04,"Great trip, plan more days than we did."
456,11,5,2024-01-17,
456,62,5,2023-02-16,"Unforgettable, would go again tomorrow."
456,21,2,2024-09-16,
456,48,5,2023-03-14,
456,10,4,2025-01-03,
457,16,5,2026-02-19,
457,49,3,2025-10-10,
457,60,4,2025-12-13,
457,9,2,2024-11-22,Too crowded and overpriced for us.
457,63,4,2025-12-19,
458,57,4,2023-01-11,
458,65,4,2023-08-13,
458,19,2,2024-01-06,Weather spoiled most of the visit.
458,23,3,2026-05-18,
458,31,3,2026-06-26,
458,9,3,2023-03-26,Fine for a short stop.
458,33,2,2024-08-27,
458,45,3,2024-10-10,
459,4,5,2023-02-10,
459,42,3,2024-02-23,
459,45,4,2024-10-22,"Lovely place, food was a highlight."
459,38,3,2026-01-07,
459,35,5,2023-04-09,
459,52,5,2024-10-14,
460,23,5,2025-10-09,
460,15,5,2025-10-24,
460,18,4,2025-08-05,
461,16,4,2023-01-05,
461,37,3,2025-10-08,
461,63,4,2025-01-04,
461,60,4,2026-01-14,
461,19,5,2026-03-01,
461,20,2,2025-03-01,Would not prioritise this again.
462,42,4,2025-02-21,
462,10,4,2024-01-23,
462,22,3,2026-03-16,"Some parts were great, others forgettable."
462,60,2,2024-03-20,Too crowded and overpriced for us.
462,43,3,2025-02-26,
462,41,5,2023-03-18,Easily one of my best trips.
462,23,5,2023-05-09,Easily one of my best trips.
462,31,5,2025-06-13,
462,30,2,2026-04-23,Would not prioritise this again.
462,20,4,2024-12-26,
462,19,4,2025-10-27,
463,3,4,2025-12-04,
463,60,2,2024-03-03,
463,29,2,2026-03-06,
464,46,5,2025-12-07,
464,11,5,2024-03-08,
464,26,2,2024-03-27,
464,47,5,2023-09-22,
464,45,4,2023-11-05,"Great trip, plan more days than we did."
464,66,3,2025-12-05,
465,46,3,2023-06-06,Fine for a short stop.
465,58,4,2023-06-23,
465,47,3,2023-02-17,Fine for a short stop.
465,7,3,2023-08-10,
465,65,4,2025-10-09,
466,32,5,2024-04-11,"Unforgettable, would go again tomorrow."
466,30,3,2025-11-08,
466,41,5,2026-03-07,
466,12,4,2024-01-10,
466,65,4,2025-11-01,"Really enjoyed it, a few crowded spots."
466,57,3,2024-10-17,
466,64,5,2023-12-11,
466,14,4,2023-01-27,
466,52,5,2023-01-09,
467,46,4,2024-08-28,
467,1,4,2025-11-12,"Really enjoyed it, a few crowded spots."
467,7,3,2025-11-20,
468,59,4,2024-01-20,
468,11,5,2026-02-09,
468,62,3,2024-02-22,
468,20,4,2026-02-18,
468,49,5,2023-06-14,"Unforgettable, would go again tomorrow."
468,10,5,2026-02-24,Easily one of my best trips.
468,23,2,2025-03-07,
468,35,3,2023-09-10,Fine for a short stop.
468,57,2,2024-03-26,
468,30,4,2023-10-22,"Lovely place, food was a highlight."
468,66,4,2023-11-25,"Lovely place, food was a highlight."
468,26,3,2025-12-01,
468,46,3,2025-10-20,
468,2,4,2025-11-23,
468,8,3,2024-03-19,Fine for a short stop.
468,19,4,2023-02-15,"Great trip, plan more days than we did."
468,6,3,2024-02-27,
468,33,3,2023-06-17,
468,36,4,2024-01-03,
468,43,3,2023-09-19,
469,1,3,2025-11-28,"Some parts were great, others forgettable."
469,66,5,2023-11-07,
469,2,4,2024-04-19,
469,64,5,2023-11-22,
469,11,5,2026-02-03,Easily one of my best trips.
469,37,3,2026-03-19,
469,49,5,2026-04-18,
470,11,4,2025-01-06,
470,64,4,2023-12-13,
470,15,3,2025-12-05,
470,47,5,2025-12-03,"Unforgettable, would go again tomorrow."
470,62,3,2024-10-27,
470,36,3,2025-03-19,Fine for a short stop.
470,29,4,2024-01-28,
470,60,4,2025-07-23,
470,41,4,2025-10-27,
470,31,4,2024-05-08,
470,58,4,2024-02-11,
470,59,3,2023-06-07,
471,58,3,2025-12-10,
471,21,3,2024-03-10,"Decent, but not what I expected."
471,23,2,2024-10-03,
471,57,2,2023-11-15,
471,46,4,2025-09-18,
471,2,2,2023-03-26,
471,44,1,2024-06-06,
471,64,3,2026-02-12,Fine for a short stop.
471,60,4,2025-08-03,"Really enjoyed it, a few crowded spots."
471,25,3,2025-11-27,"Decent, but not what I expected."
471,29,2,2024-06-03,
472,49,5,2025-12-24,
472,26,5,2025-11-15,Easily one of my best trips.
472,30,5,2025-10-26,
472,62,4,2023-10-12,
473,46,5,2023-03-20,
473,23,4,2025-10-18,
473,21,3,2023-12-06,
473,47,5,2025-01-18,
473,15,5,2025-12-27,
473,65,5,2025-12-02,
473,57,5,2025-12-18,
473,42,3,2023-09-07,"Some parts were great, others forgettable."
473,60,5,2025-11-06,
473,45,5,2023-03-20,
473,59,5,2024-01-01,"Unforgettable, would go again tomorrow."
474,62,4,2024-11-22,
474,28,3,2025-10-16,
474,50,4,2023-10-27,
474,58,5,2026-05-13,
474,23,4,2025-09-10,
474,53,3,2023-06-14,
474,4,3,2026-02-07,"Some parts were great, others forgettable."
474,38,4,2024-06-09,
475,42,5,2025-11-13,Worth every rupee and every hour of travel.
475,22,2,2025-11-15,Too crowded and overpriced for us.
475,35,5,2025-05-17,"Unforgettable, would go again tomorrow."
475,31,5,2025-04-04,
475,30,4,2024-03-28,"Lovely place, food was a highlight."
475,63,4,2025-11-25,
475,49,4,2024-11-02,
475,66,3,2025-03-21,
475,11,5,2024-12-06,
475,41,4,2025-10-28,
475,18,4,2023-11-04,"Really enjoyed it, a few crowded spots."
476,19,5,2023-12-07,
476,23,4,2023-06-27,
476,41,4,2025-05-19,
476,60,4,2025-09-04,"Lovely place, food was a highlight."
476,1,5,2024-11-21,
477,20,5,2026-05-22,Easily one of my best trips.
477,52,5,2024-12-25,
477,23,4,2026-05-07,"Really enjoyed it, a few crowded spots."
477,66,5,2024-08-24,
477,64,4,2026-02-10,
477,42,5,2025-12-21,
477,43,5,2023-03-18,
478,23,5,2024-04-24,Easily one of my best trips.
478,18,5,2025-08-13,
478,31,5,2026-04-03,"Unforgettable, would go again tomorrow."
478,36,5,2025-11-12,
478,64,4,2025-10-24,"Really enjoyed it, a few crowded spots."
478,66,5,2024-12-27,
478,11,5,2024-09-02,
478,62,3,2024-11-02,
478,8,5,2023-01-12,Easily one of my best trips.
478,56,4,2025-10-23,"Really enjoyed it, a few crowded spots."
479,46,5,2025-10-19,
479,21,5,2026-01-09,"Unforgettable, would go again tomorrow."
479,45,5,2025-08-04,Easily one of my best trips.
479,65,3,2024-01-09,
479,15,4,2023-12-16,"Really enjoyed it, a few crowded spots."
480,15,3,2023-01-14,
480,21,5,2025-10-07,
480,52,4,2024-08-07,
480,12,5,2025-02-23,"Unforgettable, would go again tomorrow."
480,1,5,2024-06-24,
480,26,4,2025-03-27,
480,42,4,2024-01-01,
480,58,5,2023-04-04,Worth every rupee and every hour of travel.
480,60,5,2026-04-12,
481,60,4,2026-01-13,
481,21,4,2026-03-24,"Lovely place, food was a highlight."
481,52,4,2024-11-21,"Lovely place, food was a highlight."
481,12,4,2026-01-25,
481,49,2,2026-05-07,
481,14,5,2023-02-04,
481,1,4,2025-07-08,
481,25,5,2025-11-17,
481,64,3,2025-10-15,
481,16,4,2025-02-12,
481,13,3,2026-03-04,
481,56,3,2023-01-27,Fine for a short stop.
482,64,5,2024-02-13,Easily one of my best trips.
482,22,3,2023-03-09,Fine for a short stop.
482,32,5,2024-11-17,
482,66,5,2023-12-12,Worth every rupee and every hour of travel.
483,33,4,2025-09-12,
483,59,5,2026-05-26,
483,66,5,2025-12-15,"Unforgettable, would go again tomorrow."
483,64,5,2025-12-16,
483,18,3,2026-02-05,"Some parts were great, others forgettable."
483,56,5,2023-02-07,
483,1,5,2026-01-07,
483,36,5,2024-10-14,
483,31,4,2025-01-01,
483,43,4,2025-10-20,"Lovely place, food was a highlight."
484,1,5,2023-03-19,
484,65,5,2025-08-16,
484,60,5,2026-04-25,Worth every rupee and every hour of travel.
484,57,5,2023-12-09,
484,4,5,2025-01-03,
484,19,5,2024-02-17,
484,25,5,2025-01-14,
484,27,3,2024-08-06,
485,36,4,2024-12-05,
485,9,4,2024-01-15,
485,45,4,2024-10-21,
485,13,5,2023-01-08,Worth every rupee and every hour of travel.
485,23,5,2026-05-19,
485,41,4,2024-05-24,
486,62,4,2025-12-24,
486,11,5,2026-01-24,
486,17,5,2024-03-06,
486,7,5,2025-04-22,
486,14,5,2024-02-11,
486,10,3,2023-12-15,"Decent, but not what I expected."
487,65,5,2024-03-10,Easily one of my best trips.
487,42,5,2025-10-28,Easily one of my best trips.
487,46,3,2023-07-24,
487,23,5,2024-06-10,
487,52,5,2023-01-18,"Unforgettable, would go again tomorrow."
488,7,5,2026-05-04,
488,1,3,2024-01-14,
488,60,5,2023-03-03,
489,36,4,2023-11-08,
489,28,2,2023-05-02,
489,23,2,2025-10-26,
489,20,2,2025-11-04,
489,44,4,2025-10-01,
489,49,3,2026-01-07,
490,14,3,2023-01-05,
490,5,4,2025-10-04,"Lovely place, food was a highlight."
490,30,5,2025-11-10,
490,20,4,2025-02-19,
490,22,3,2025-09-22,Fine for a short stop.
490,42,5,2024-01-06,
490,49,3,2025-12-25,
490,23,4,2025-07-24,
490,29,4,2023-03-09,"Really enjoyed it, a few crowded spots."
490,55,5,2025-11-26,
490,35,5,2025-10-01,
490,21,3,2025-10-15,
490,28,2,2023-05-13,
490,43,2,2023-03-09,Weather spoiled most of the visit.
490,12,2,2023-10-02,Too crowded and overpriced for us.
491,43,4,2026-04-10,"Great trip, plan more days than we did."
491,23,5,2025-10-23,"Unforgettable, would go again tomorrow."
491,38,5,2025-02-08,
491,42,5,2025-01-14,Worth every rupee and every hour of travel.
491,22,2,2025-03-14,
492,16,5,2024-07-07,
492,7,5,2024-11-05,Worth every rupee and every hour of travel.
492,14,5,2024-11-13,
492,62,4,2026-01-01,"Great trip, plan more days than we did."
493,21,4,2025-02-04,
493,11,5,2026-04-20,Worth every rupee and every hour of travel.
493,63,3,2024-01-17,
493,49,5,2025-12-20,
493,17,5,2023-03-12,Easily one of my best trips.
493,46,5,2025-08-20,
493,12,3,2023-01-06,
493,28,5,2025-08-03,
493,16,3,2023-10-21,"Some parts were great, others forgettable."
493,64,4,2025-10-15,
493,62,4,2024-01-22,
493,47,3,2023-11-19,
493,57,5,2025-11-23,Easily one of my best trips.
494,62,5,2024-12-17,
494,11,2,2024-06-27,Too crowded and overpriced for us.
494,38,4,2023-02-10,
495,65,4,2024-01-20,
495,63,5,2023-12-14,
495,10,4,2026-03-17,
495,50,4,2023-10-26,
495,45,5,2024-02-01,
495,62,5,2023-02-24,
495,20,3,2023-02-17,
495,23,5,2023-06-15,
495,9,4,2024-12-12,
495,41,4,2026-03-17,"Lovely place, food was a highlight."
496,59,5,2024-04-01,"Unforgettable, would go again tomorrow."
496,60,4,2026-03-09,
496,12,2,2023-02-08,
496,18,2,2025-01-17,
496,43,5,2025-11-13,
496,31,4,2026-04-07,
497,64,5,2023-12-09,
497,20,2,2023-01-17,
497,43,2,2023-12-22,
498,31,5,2024-07-17,"Unforgettable, would go again tomorrow."
498,23,5,2025-10-06,Easily one of my best trips.
498,55,4,2024-02-22,"Great trip, plan more days than we did."
498,43,5,2023-04-03,Worth every rupee and every hour of travel.
498,42,5,2025-09-16,
498,41,5,2024-04-13,
498,16,4,2025-10-20,
499,20,5,2025-10-07,
499,4,4,2026-01-23,"Lovely place, food was a highlight."
499,63,3,2025-12-01,
499,42,5,2023-10-02,
499,6,3,2024-10-09,
499,33,4,2023-07-20,"Really enjoyed it, a few crowded spots."
499,51,5,2025-12-03,Worth every rupee and every hour of travel.
500,41,5,2023-10-19,
500,23,5,2025-10-18,
500,14,5,2025-11-28,Easily one of my best trips.
500,3,4,2024-03-06,
500,22,5,2025-07-02,
500,6,3,2024-11-13,
500,65,5,2025-01-20,
500,13,5,2025-11-04,
500,12,5,2025-10-27,
500,19,5,2025-11-04,
500,61,2,2026-02-20,
500,31,5,2023-04-15,
500,18,4,2025-03-17,"Lovely place, food was a highlight."
500,25,5,2025-02-04,
500,53,4,2025-10-04,
500,9,5,2026-02-20,
500,37,5,2023-06-05,
501,22,1,2024-02-04,Skip it unless you really have to go.
501,14,4,2025-11-04,
501,12,5,2025-12-16,
502,14,2,2026-01-18,
502,33,4,2025-09-02,
502,38,4,2026-02-18,
502,30,5,2024-12-16,
502,43,3,2026-02-09,
502,1,4,2025-01-14,"Lovely place, food was a highlight."
502,58,5,2025-11-22,
503,45,3,2023-02-07,"Some parts were great, others forgettable."
503,9,3,2023-03-19,
503,31,5,2025-01-16,
503,13,5,2025-12-02,
504,41,5,2023-03-12,
504,49,3,2023-10-23,
504,63,4,2025-12-07,
505,43,5,2025-12-04,
505,42,4,2023-08-18,
505,36,4,2025-12-10,
505,7,4,2024-02-18,"Great trip, plan more days than we did."
505,31,5,2025-10-19,
505,16,3,2025-01-03,
505,52,4,2024-12-28,
505,35,5,2023-09-27,
506,23,5,2023-10-20,
506,52,5,2026-03-10,
506,36,5,2026-05-01,
507,3,4,2025-01-18,
507,31,5,2026-06-28,
507,14,5,2025-01-02,
507,52,5,2023-11-01,
508,57,5,2023-10-18,Easily one of my best trips.
508,47,5,2025-03-21,
508,46,5,2024-04-14,
508,45,5,2025-10-14,"Unforgettable, would go again tomorrow."
508,60,5,2024-04-22,
508,64,5,2024-11-05,Easily one of my best trips.
508,59,5,2024-04-07,
508,25,5,2025-09-28,
508,7,5,2025-12-27,
508,4,5,2023-12-25,
508,54,5,2026-04-12,
508,65,5,2025-12-21,
509,59,1,2025-03-20,Disappointing from start to finish.
509,37,2,2024-10-18,Would not prioritise this again.
509,65,4,2024-10-23,
509,53,1,2024-01-12,Disappointing from start to finish.
510,35,5,2025-04-05,
510,11,5,2024-11-01,
510,60,5,2026-02-04,Worth every rupee and every hour of travel.
511,12,4,2025-02-16,"Great trip, plan more days than we did."
511,66,4,2026-01-24,
511,59,2,2025-01-21,Would not prioritise this again.
511,65,4,2025-11-11,"Really enjoyed it, a few crowded spots."
511,57,5,2026-02-03,
512,6,1,2024-10-04,
512,60,3,2024-02-21,
512,11,4,2023-01-07,"Really enjoyed it, a few crowded spots."
512,35,5,2024-05-24,"Unforgettable, would go again tomorrow."
512,16,3,2025-09-28,
512,54,3,2024-03-25,
512,1,3,2024-04-23,
512,26,4,2023-03-25,
512,63,3,2023-01-09,
512,45,2,2026-03-25,
512,43,3,2025-12-07,
512,20,4,2025-12-08,
513,60,5,2026-01-08,
513,62,3,2026-03-22,
513,43,5,2023-09-12,
513,7,5,2024-03-12,"Unforgettable, would go again tomorrow."
513,9,3,2025-10-09,
513,21,4,2024-10-06,
513,64,3,2023-03-17,
514,12,5,2025-12-08,
514,57,5,2023-01-06,
514,11,4,2024-08-18,
515,59,5,2024-10-16,
515,21,4,2025-03-17,
515,57,3,2025-10-01,
515,29,4,2026-05-27,
516,28,5,2025-10-17,"Unforgettable, would go again tomorrow."
516,38,5,2026-05-17,
516,42,5,2025-12-25,"Unforgettable, would go again tomorrow."
516,39,4,2024-07-25,
516,51,4,2026-01-28,
516,29,3,2023-12-06,
516,20,5,2024-03-08,
516,46,4,2025-08-13,
516,23,3,2026-04-15,
516,18,3,2024-01-21,
517,23,4,2025-04-19,"Really enjoyed it, a few crowded spots."
517,46,5,2023-07-10,
517,52,2,2024-12-05,
517,60,3,2025-01-01,"Some parts were great, others forgettable."
517,19,5,2026-06-17,
518,59,5,2023-04-09,
518,46,4,2025-07-20,
518,22,5,2025-07-05,
518,23,5,2025-09-09,
518,64,4,2025-07-27,
518,45,5,2024-01-12,
518,30,4,2023-12-01,
519,30,2,2024-12-13,
519,8,5,2024-03-07,
519,12,3,2024-12-07,"Decent, but not what I expected."
519,64,5,2023-01-20,
519,66,5,2024-12-01,
519,11,5,2024-02-24,
519,36,5,2025-10-07,
519,59,3,2026-02-19,
519,48,5,2023-10-05,
519,16,2,2025-10-15,
519,10,3,2023-02-17,"Decent, but not what I expected."
519,60,4,2025-02-23,
519,33,2,2025-08-19,
519,20,4,2025-10-04,
520,45,5,2025-11-11,
520,59,5,2025-05-28,
520,1,4,2023-11-19,
520,42,4,2025-10-05,
520,46,5,2024-08-09,
520,18,4,2023-01-13,
520,66,5,2025-01-26,
520,16,1,2026-02-12,
520,47,5,2025-04-13,Easily one of my best trips.
520,64,4,2023-03-12,"Great trip, plan more days than we did."
520,17,4,2025-11-17,
520,36,5,2023-03-18,
520,2,3,2024-12-14,"Some parts were great, others forgettable."
520,43,3,2023-03-28,"Decent, but not what I expected."
520,44,5,2025-09-23,Worth every rupee and every hour of travel.
521,38,2,2024-06-15,Too crowded and overpriced for us.
521,23,3,2025-04-02,
521,40,2,2023-03-28,Too crowded and overpriced for us.
522,3,5,2025-03-13,Easily one of my best trips.
522,10,4,2025-01-28,
522,1,3,2024-12-20,
522,23,3,2025-10-22,
522,36,5,2023-03-18,
522,22,4,2025-06-09,
523,51,5,2025-11-23,Worth every rupee and every hour of travel.
523,46,4,2025-08-25,"Great trip, plan more days than we did."
523,16,3,2025-01-11,Fine for a short stop.
523,42,4,2026-03-19,
523,1,2,2024-09-16,Would not prioritise this again.
523,20,4,2025-03-05,
523,11,3,2025-06-08,
523,18,2,2025-05-05,
523,62,3,2024-10-20,
523,64,3,2026-03-21,
523,63,5,2025-12-28,
523,25,2,2026-02-27,
523,60,3,2024-01-09,
524,23,4,2026-06-25,
524,15,3,2026-03-21,
524,11,3,2024-03-27,
524,44,3,2024-08-04,
524,9,4,2025-10-22,
525,57,5,2025-11-25,
525,41,4,2023-11-04,
525,62,4,2025-11-21,
526,23,4,2024-10-10,
526,59,5,2025-11-14,Easily one of my best trips.
526,45,4,2024-04-27,
526,66,4,2025-07-03,
526,6,2,2024-12-24,
526,60,5,2025-12-19,
526,12,5,2024-10-04,Worth every rupee and every hour of travel.
526,58,5,2026-03-01,
526,49,2,2024-05-09,Weather spoiled most of the visit.
526,17,4,2023-03-09,"Lovely place, food was a highlight."
526,61,4,2024-04-28,
527,15,3,2024-01-17,"Some parts were great, others forgettable."
527,39,4,2023-09-27,
527,13,3,2025-11-18,
527,20,3,2025-05-04,
527,57,2,2026-01-19,
527,53,2,2025-11-05,
527,26,4,2024-03-28,
527,41,4,2025-11-08,"Lovely place, food was a highlight."
528,4,5,2025-03-27,
528,12,4,2025-12-23,"Really enjoyed it, a few crowded spots."
528,57,5,2025-02-03,
528,16,2,2025-11-25,Would not prioritise this again.
528,6,4,2024-06-17,
528,3,5,2025-10-08,"Unforgettable, would go again tomorrow."
528,25,5,2025-02-18,
528,62,2,2023-01-20,Too crowded and overpriced for us.
528,66,4,2023-06-06,
529,23,5,2025-09-15,Worth every rupee and every hour of travel.
529,22,5,2024-10-25,Easily one of my best trips.
529,45,5,2024-12-11,Worth every rupee and every hour of travel.
529,13,4,2024-01-03,"Great trip, plan more days than we did."
530,64,3,2026-03-18,"Some parts were great, others forgettable."
530,11,5,2026-01-08,
530,20,5,2023-01-23,
530,45,3,2025-07-01,"Decent, but not what I expected."
530,8,5,2025-03-13,
530,33,5,2025-09-05,
530,38,3,2025-02-02,
530,14,2,2024-06-11,
530,21,5,2024-11-01,Easily one of my best trips.
530,66,4,2026-02-07,
530,58,4,2024-10-16,
530,17,4,2026-03-01,
530,35,4,2023-10-22,
531,23,4,2024-05-19,
531,60,5,2025-02-28,"Unforgettable, would go again tomorrow."
531,43,5,2025-12-01,
532,62,5,2024-07-02,
532,7,4,2025-02-25,"Really enjoyed it, a few crowded spots."
532,59,5,2024-08-21,
532,60,5,2025-12-23,
532,58,5,2024-03-23,
532,47,5,2023-02-03,"Unforgettable, would go again tomorrow."
532,66,2,2026-04-19,
532,38,4,2025-11-11,
532,11,5,2024-02-01,"Unforgettable, would go again tomorrow."
532,46,5,2025-07-17,
532,1,5,2026-05-02,
532,10,5,2025-12-20,Easily one of my best trips.
532,21,4,2024-03-18,"Lovely place, food was a highlight."
533,39,4,2023-09-04,
533,60,5,2025-03-13,
533,66,5,2025-11-07,
533,43,5,2024-12-04,
533,8,5,2024-08-21,
533,64,5,2025-08-19,
533,15,2,2024-01-26,
533,36,5,2023-11-26,
533,2,5,2024-01-03,Worth every rupee and every hour of travel.
533,35,5,2023-04-28,
533,7,4,2026-01-27,"Great trip, plan more days than we did."
534,14,5,2025-10-26,"Unforgettable, would go again tomorrow."
534,5,4,2026-02-08,"Great trip, plan more days than we did."
534,12,5,2024-11-16,Worth every rupee and every hour of travel.
534,65,3,2023-02-01,
534,27,4,2025-05-19,
534,60,5,2023-02-03,
534,3,5,2024-12-02,
534,66,4,2023-01-16,
534,23,1,2024-10-26,
535,59,5,2023-12-20,
535,46,5,2023-06-26,
535,60,5,2023-02-14,
535,47,5,2025-04-22,
535,58,5,2025-03-21,
536,66,5,2026-05-22,
536,31,4,2023-04-16,
536,23,4,2024-10-01,"Great trip, plan more days than we did."
536,8,5,2026-01-15,"Unforgettable, would go again tomorrow."
536,41,4,2025-11-24,
536,36,4,2025-04-04,
536,56,4,2023-02-18,"Lovely place, food was a highlight."
536,59,3,2025-06-15,
536,21,3,2023-10-04,
536,50,2,2025-11-28,
536,32,4,2026-06-02,
536,11,4,2025-11-08,
537,44,3,2025-05-27,
537,23,3,2024-06-07,
537,35,4,2025-10-04,
537,18,3,2024-01-20,
538,49,4,2024-02-05,
538,43,5,2024-02-04,Worth every rupee and every hour of travel.
538,41,4,2023-10-24,
539,57,4,2025-10-26,
539,14,3,2023-02-12,Fine for a short stop.
539,44,3,2023-12-21,"Decent, but not what I expected."
539,49,3,2025-03-24,
540,42,4,2024-10-04,"Lovely place, food was a highlight."
540,4,3,2024-10-08,
540,14,4,2024-11-23,
540,60,5,2026-03-10,
540,48,3,2025-09-25,Fine for a short stop.
540,7,5,2023-01-20,
540,56,4,2023-10-26,
540,43,4,2023-10-23,"Lovely place, food was a highlight."
541,57,5,2024-10-20,
541,60,5,2026-03-03,
541,43,3,2024-02-14,"Some parts were great, others forgettable."
541,12,5,2023-12-11,
541,1,4,2023-06-02,
541,7,4,2025-10-07,
541,4,5,2026-05-16,
541,59,4,2025-03-20,
541,31,2,2024-01-10,Weather spoiled most of the visit.
541,25,5,2025-12-25,
541,63,3,2024-02-19,"Decent, but not what I expected."
541,21,4,2026-03-20,"Really enjoyed it, a few crowded spots."
542,66,5,2024-11-13,Worth every rupee and every hour of travel.
542,21,3,2025-10-04,
542,10,3,2023-01-20,
542,30,3,2025-03-03,
542,8,5,2025-03-07,Worth every rupee and every hour of travel.
542,60,3,2023-03-19,
542,32,3,2023-06-09,
542,43,4,2026-01-04,"Great trip, plan more days than we did."
543,66,5,2023-11-26,
543,27,3,2026-06-02,"Decent, but not what I expected."
543,32,4,2023-06-19,
543,26,3,2025-12-16,Fine for a short stop.
543,43,5,2026-01-26,Worth every rupee and every hour of travel.
543,64,5,2025-11-05,
543,31,5,2025-06-17,Worth every rupee and every hour of travel.
543,22,4,2024-05-07,"Really enjoyed it, a few crowded spots."
543,23,2,2025-06-10,
544,22,5,2024-04-10,
544,54,5,2023-01-25,
544,9,5,2025-02-16,
544,37,5,2025-06-23,
544,23,4,2024-04-04,"Really enjoyed it, a few crowded spots."
545,16,5,2025-10-01,"Unforgettable, would go again tomorrow."
545,10,3,2023-02-26,Fine for a short stop.
545,62,4,2025-10-17,"Lovely place, food was a highlight."
546,46,5,2025-10-21,
546,64,3,2024-02-01,
546,23,4,2025-09-28,
546,15,4,2024-02-04,
546,66,5,2024-10-28,Worth every rupee and every hour of travel.
547,41,5,2025-09-12,Easily one of my best trips.
547,9,5,2025-12-24,
547,53,5,2025-10-25,Worth every rupee and every hour of travel.
548,49,3,2026-01-14,
548,48,3,2025-05-09,
548,34,4,2025-09-25,
548,57,5,2023-03-26,
548,12,4,2023-10-12,"Really enjoyed it, a few crowded spots."
549,3,3,2026-01-07,
549,22,1,2024-05-14,
549,23,4,2026-03-05,
550,31,4,2024-01-04,
550,30,5,2024-10-12,
550,32,5,2026-04-22,
550,64,5,2026-02-14,
550,35,4,2023-04-27,
551,45,5,2024-07-09,
551,46,3,2025-07-11,
551,18,3,2026-06-14,Fine for a short stop.
551,42,3,2023-03-13,"Decent, but not what I expected."
552,66,5,2026-03-27,
552,17,4,2025-02-09,"Great trip, plan more days than we did."
552,4,3,2025-02-24,
552,11,3,2024-02-04,
552,49,4,2024-04-25,
552,22,4,2025-05-19,
552,8,5,2025-11-01,
553,23,4,2025-10-02,"Lovely place, food was a highlight."
553,31,5,2025-06-10,
553,62,3,2024-09-10,
553,15,5,2025-01-20,Worth every rupee and every hour of travel.
553,22,3,2025-07-17,"Decent, but not what I expected."
553,41,4,2023-04-08,"Lovely place, food was a highlight."
554,49,5,2024-04-19,
554,17,5,2026-02-20,
554,39,4,2024-09-11,"Really enjoyed it, a few crowded spots."
554,31,4,2023-12-17,
554,65,3,2023-12-10,
555,22,3,2024-11-07,"Some parts were great, others forgettable."
555,20,5,2025-01-11,
555,45,5,2024-02-12,
555,66,5,2023-02-02,
555,23,3,2025-09-06,
555,8,4,2025-01-04,
555,49,4,2025-01-13,"Lovely place, food was a highlight."
555,42,5,2025-11-10,
555,59,5,2024-02-02,"Unforgettable, would go again tomorrow."
555,31,4,2024-04-20,"Lovely place, food was a highlight."
555,35,4,2025-05-05,
556,49,5,2023-02-05,
556,26,4,2025-01-06,
556,51,2,2025-11-26,
556,11,3,2025-10-19,
556,62,3,2024-03-03,"Decent, but not what I expected."
556,60,3,2023-03-17,
556,43,3,2025-12-20,
556,58,4,2024-12-18,
556,14,5,2025-02-28,Easily one of my best trips.
556,10,3,2025-11-13,
556,16,2,2025-12-14,
556,37,1,2023-03-06,Skip it unless you really have to go.
556,19,3,2023-01-13,
557,57,5,2025-06-02,
557,11,5,2025-10-04,
557,7,3,2025-03-14,Fine for a short stop.
557,59,5,2025-10-06,
557,42,3,2023-10-20,"Decent, but not what I expected."
558,23,4,2023-09-14,
558,39,5,2023-08-25,
558,43,4,2025-09-07,
558,2,4,2025-10-18,
559,66,5,2024-12-10,Worth every rupee and every hour of travel.
559,51,5,2026-04-16,Worth every rupee and every hour of travel.
559,42,5,2025-06-18,Worth every rupee and every hour of travel.
559,20,5,2025-03-24,
559,23,3,2023-10-08,
559,18,5,2023-11-19,
559,11,5,2026-02-15,
559,60,4,2025-10-28,
559,54,4,2024-12-04,
559,43,4,2025-12-01,"Lovely place, food was a highlight."
559,63,5,2025-07-01,
559,62,3,2025-11-24,
559,8,5,2025-02-25,
559,45,5,2025-11-05,
559,9,4,2025-11-21,
559,22,3,2026-05-23,
560,62,5,2025-12-22,
560,30,4,2023-11-04,"Great trip, plan more days than we did."
560,23,3,2024-06-24,"Some parts were great, others forgettable."
560,47,4,2024-05-05,
560,7,4,2025-10-21,
560,19,3,2025-11-20,
560,37,3,2026-05-09,
560,29,4,2024-01-17,"Great trip, plan more days than we did."
560,33,3,2024-09-18,
560,60,5,2026-02-05,
560,41,4,2026-05-23,
560,10,3,2026-02-12,
561,30,4,2025-06-26,
561,16,4,2024-02-04,
561,41,4,2025-10-25,
561,11,4,2023-03-06,
561,33,3,2025-09-10,
561,35,3,2023-04-26,
561,23,2,2024-11-03,
561,63,5,2024-10-02,
561,29,4,2023-02-12,
562,31,3,2026-01-08,
562,8,5,2023-12-23,
562,7,4,2023-06-18,
562,43,5,2026-01-24,
562,49,4,2023-01-13,"Great trip, plan more days than we did."
562,66,5,2023-12-04,
563,46,4,2024-10-03,
563,41,5,2023-11-10,Easily one of my best trips.
563,23,5,2025-03-17,"Unforgettable, would go again tomorrow."
564,6,3,2023-11-03,
564,62,3,2024-11-25,
564,64,3,2025-12-17,
564,49,5,2025-10-22,
564,11,4,2025-11-01,
564,1,2,2023-01-15,Too crowded and overpriced for us.
564,26,3,2025-02-03,
564,51,3,2025-11-16,
564,45,4,2026-05-12,
564,17,4,2026-01-27,"Really enjoyed it, a few crowded spots."
565,61,2,2023-02-28,Would not prioritise this again.
565,31,4,2023-05-18,
565,37,4,2023-05-18,
565,62,1,2023-06-12,Disappointing from start to finish.
565,45,3,2025-12-28,
565,60,3,2025-02-08,
565,49,4,2026-04-06,"Really enjoyed it, a few crowded spots."
565,9,3,2023-12-04,
565,18,2,2024-03-13,Weather spoiled most of the visit.
565,55,3,2025-12-02,
565,46,3,2024-07-28,
565,22,3,2024-04-07,"Some parts were great, others forgettable."
565,42,3,2023-10-18,"Some parts were great, others forgettable."
565,35,3,2026-04-21,
565,65,2,2026-03-28,Would not prioritise this again.
565,17,5,2024-01-09,
565,16,2,2025-09-20,
565,59,2,2023-02-26,
565,58,1,2024-02-08,
565,43,2,2023-12-20,Weather spoiled most of the visit.
565,28,4,2023-09-19,
565,30,3,2023-11-01,
565,29,2,2024-02-10,
565,24,4,2025-02-06,
565,7,2,2024-03-27,
566,23,4,2026-04-15,
566,26,5,2025-05-18,
566,62,5,2025-12-25,
566,19,5,2024-12-23,
566,11,4,2024-12-07,"Great trip, plan more days than we did."
566,14,4,2023-12-04,
566,4,3,2023-02-01,Fine for a short stop.
566,64,5,2023-04-08,
566,21,3,2026-03-20,
566,1,3,2023-02-23,Fine for a short stop.
566,32,3,2025-03-21,"Decent, but not what I expected."
566,49,3,2023-02-20,
566,61,4,2023-02-24,
566,31,4,2026-05-12,"Great trip, plan more days than we did."
566,60,4,2024-01-20,
566,25,3,2024-02-19,
566,65,4,2025-03-02,
566,15,5,2023-02-18,
566,48,4,2024-03-19,"Really enjoyed it, a few crowded spots."
566,63,3,2023-11-06,Fine for a short stop.
566,50,4,2025-02-16,"Lovely place, food was a highlight."
566,41,4,2025-07-23,
566,3,3,2025-01-28,
566,7,3,2024-04-08,
566,10,3,2025-03-06,
566,56,4,2026-03-23,"Great trip, plan more days than we did."
567,26,4,2025-12-16,
567,14,5,2025-10-06,Worth every rupee and every hour of travel.
567,65,4,2024-03-26,"Really enjoyed it, a few crowded spots."
567,12,5,2023-12-26,
567,25,5,2023-01-22,
567,22,4,2026-05-12,"Really enjoyed it, a few crowded spots."
568,62,2,2025-12-22,
568,29,4,2025-02-01,
568,44,4,2023-06-24,
568,11,5,2023-11-16,
568,33,3,2023-10-20,
569,35,5,2023-03-03,
569,8,5,2023-02-23,Worth every rupee and every hour of travel.
569,28,3,2024-09-01,
569,66,5,2025-12-20,Easily one of my best trips.
569,16,2,2024-10-10,
569,51,3,2024-12-16,"Decent, but not what I expected."
569,9,4,2025-03-26,
570,46,4,2025-09-02,"Really enjoyed it, a few crowded spots."
570,20,5,2023-12-25,
570,26,3,2025-02-03,
570,4,3,2025-12-07,
570,28,5,2025-06-23,Worth every rupee and every hour of travel.
570,42,3,2025-03-03,"Some parts were great, others forgettable."
570,17,5,2025-11-14,
570,21,4,2023-12-03,"Really enjoyed it, a few crowded spots."
570,23,3,2024-05-04,"Decent, but not what I expected."
571,57,5,2024-06-12,
571,11,5,2025-11-16,
571,4,5,2024-02-20,
571,54,5,2026-05-08,
571,45,5,2023-01-09,"Unforgettable, would go again tomorrow."
571,47,3,2024-05-17,
571,12,4,2024-11-15,
572,29,3,2026-01-16,"Some parts were great, others forgettable."
572,14,5,2023-12-09,
572,10,2,2025-11-12,
572,23,5,2023-09-17,Easily one of my best trips.
572,52,5,2024-08-14,Easily one of my best trips.
572,41,5,2023-11-24,
572,38,4,2024-02-17,
572,33,3,2025-06-23,"Decent, but not what I expected."
572,53,3,2024-09-26,
572,31,5,2025-03-10,
572,65,4,2024-01-24,"Lovely place, food was a highlight."
573,12,5,2025-10-08,
573,14,5,2025-11-19,
573,19,5,2024-11-21,
574,66,5,2025-12-26,
574,20,5,2023-12-07,"Unforgettable, would go again tomorrow."
574,42,5,2025-03-15,"Unforgettable, would go again tomorrow."
574,59,3,2024-11-08,
574,22,5,2026-05-10,Easily one of my best trips.
574,36,5,2024-12-18,
575,43,5,2024-01-27,
575,49,5,2023-10-25,
575,47,5,2025-01-26,
575,21,5,2024-03-24,Worth every rupee and every hour of travel.
576,62,3,2025-12-21,"Decent, but not what I expected."
576,23,4,2025-10-25,
576,1,4,2025-12-01,
576,63,3,2025-02-19,
577,10,4,2025-01-02,
577,19,4,2025-12-09,"Great trip, plan more days than we did."
577,49,3,2023-02-18,
577,21,5,2023-02-08,
577,23,4,2025-05-20,
578,12,4,2026-01-17,
578,49,5,2023-04-17,"Unforgettable, would go again tomorrow."
578,43,3,2023-03-08,
578,58,4,2023-10-20,
578,11,4,2023-01-28,
578,19,3,2024-12-16,Fine for a short stop.
578,1,3,2023-01-10,
579,13,3,2026-02-14,
579,15,3,2023-11-17,
579,19,5,2025-06-12,
579,52,4,2025-02-27,
579,55,4,2024-11-21,"Great trip, plan more days than we did."
580,42,5,2023-01-07,
580,20,3,2025-12-25,
580,17,5,2026-02-26,
580,63,4,2026-03-22,"Great trip, plan more days than we did."
580,55,3,2025-12-12,Fine for a short stop.
580,65,3,2025-10-12,"Decent, but not what I expected."
581,41,5,2023-05-21,
581,9,4,2024-11-05,"Lovely place, food was a highlight."
581,12,5,2024-10-08,Easily one of my best trips.
581,37,5,2023-11-14,
581,23,5,2023-02-20,
581,22,4,2025-03-22,
581,20,3,2025-03-26,
581,58,3,2025-06-28,
581,26,3,2023-10-09,Fine for a short stop.
581,15,5,2025-12-20,
581,18,4,2025-02-28,"Really enjoyed it, a few crowded spots."
582,46,5,2025-10-04,Easily one of my best trips.
582,6,2,2025-02-17,
582,47,4,2024-12-04,"Great trip, plan more days than we did."
583,59,4,2025-10-08,"Great trip, plan more days than we did."
583,64,4,2025-10-09,
583,36,5,2026-01-07,
583,8,5,2023-11-13,
583,46,5,2023-09-15,
583,66,5,2025-12-23,
583,57,4,2026-03-25,
583,45,4,2024-10-20,
583,48,4,2024-04-08,
583,11,3,2025-04-19,
583,62,3,2025-06-24,
583,2,3,2024-11-09,"Some parts were great, others forgettable."
583,54,4,2023-04-02,
583,28,4,2023-08-14,
583,44,3,2025-03-23,
583,49,2,2026-04-17,
583,27,4,2026-01-07,
583,7,2,2025-12-03,
583,35,3,2023-01-15,
583,60,4,2023-12-08,"Great trip, plan more days than we did."
583,1,2,2025-10-25,Weather spoiled most of the visit.
583,12,4,2023-01-03,"Lovely place, food was a highlight."
583,56,4,2025-10-21,
584,60,4,2025-12-25,"Great trip, plan more days than we did."
584,23,5,2024-09-06,
584,41,5,2026-05-28,"Unforgettable, would go again tomorrow."
584,59,4,2025-05-11,"Really enjoyed it, a few crowded spots."
584,58,5,2025-12-17,
584,9,3,2025-10-25,
584,43,4,2025-03-23,
584,44,5,2026-04-01,
585,19,5,2024-08-01,
585,41,5,2025-10-07,"Unforgettable, would go again tomorrow."
585,11,5,2026-03-15,
585,49,3,2024-04-13,
585,50,5,2026-05-20,Worth every rupee and every hour of travel.
586,46,5,2025-10-25,
586,61,3,2023-02-13,"Decent, but not what I expected."
586,1,3,2025-01-01,"Decent, but not what I expected."
586,28,5,2024-05-20,
586,36,3,2024-01-27,
586,11,5,2024-01-19,Worth every rupee and every hour of travel.
586,47,4,2024-04-12,
586,60,5,2026-03-08,
587,64,2,2025-11-24,
587,49,4,2025-12-23,
587,23,4,2024-02-03,
587,32,4,2025-10-07,"Great trip, plan more days than we did."
587,62,3,2025-10-12,"Some parts were great, others forgettable."
587,14,4,2023-11-17,"Really enjoyed it, a few crowded spots."
587,27,4,2025-09-27,
587,35,5,2023-05-11,
587,63,4,2025-10-12,
588,2,4,2026-03-07,"Really enjoyed it, a few crowded spots."
588,9,2,2023-01-05,
588,10,4,2026-01-24,"Lovely place, food was a highlight."
588,31,4,2025-12-07,
588,65,3,2023-02-15,
588,56,3,2024-03-17,
588,7,3,2026-01-07,
588,66,4,2023-01-16,"Great trip, plan more days than we did."
589,19,5,2023-12-04,
589,30,4,2023-05-07,
589,11,4,2026-02-05,"Really enjoyed it, a few crowded spots."
589,50,4,2025-12-17,"Really enjoyed it, a few crowded spots."
590,26,2,2025-06-03,Would not prioritise this again.
590,20,5,2024-12-01,"Unforgettable, would go again tomorrow."
590,55,5,2025-03-21,
590,16,4,2025-09-25,
590,42,5,2025-11-19,Worth every rupee and every hour of travel.
590,57,3,2024-02-27,
590,17,4,2023-04-13,"Really enjoyed it, a few crowded spots."
591,52,5,2023-11-12,
591,23,4,2023-06-26,
591,42,4,2025-11-18,
591,50,4,2025-02-14,"Great trip, plan more days than we did."
591,28,4,2025-06-24,
591,9,4,2025-12-16,
592,49,5,2024-01-03,Easily one of my best trips.
592,37,3,2023-04-19,
592,9,4,2023-01-13,
593,21,4,2023-02-05,
593,12,4,2026-01-21,
593,2,5,2024-03-16,Easily one of my best trips.
593,66,5,2024-10-23,
593,32,4,2023-05-01,
593,64,4,2024-12-11,
593,65,4,2024-11-09,
594,6,3,2023-12-10,
594,27,5,2023-09-13,
594,11,3,2023-10-26,
594,33,5,2025-06-06,
594,43,2,2026-02-26,
595,35,5,2023-11-18,
595,12,4,2023-10-28,"Lovely place, food was a highlight."
595,51,3,2023-02-25,
595,60,2,2025-12-19,Would not prioritise this again.
595,33,4,2023-09-10,
595,14,3,2026-02-03,
595,27,5,2026-06-27,
595,29,4,2025-12-02,
595,46,3,2023-09-03,
595,30,5,2024-04-07,
595,26,3,2025-11-08,"Some parts were great, others forgettable."
595,32,1,2024-10-28,
595,8,2,2024-12-06,
595,4,4,2024-05-23,
595,20,3,2025-12-22,
595,64,2,2026-03-03,
596,45,5,2025-02-13,
596,18,4,2023-12-10,
596,54,5,2025-03-04,
597,11,5,2026-01-20,
597,23,4,2023-04-12,
597,65,4,2023-11-05,
597,26,5,2023-12-06,"Unforgettable, would go again tomorrow."
598,21,5,2023-03-08,
598,17,5,2025-12-07,
598,62,5,2025-12-05,
598,23,4,2024-09-27,"Really enjoyed it, a few crowded spots."
598,41,3,2026-05-14,"Decent, but not what I expected."
598,60,5,2026-03-22,"Unforgettable, would go again tomorrow."
598,28,5,2024-05-25,
598,10,4,2024-01-14,
598,49,4,2025-03-18,"Really enjoyed it, a few crowded spots."
598,36,4,2023-11-13,
598,1,2,2025-04-04,
598,61,4,2025-09-21,
598,58,5,2025-06-04,
599,31,5,2024-12-01,
599,18,5,2025-09-14,Worth every rupee and every hour of travel.
599,13,4,2025-10-17,"Really enjoyed it, a few crowded spots."
599,43,3,2023-09-21,
599,17,5,2026-02-12,
599,61,4,2026-01-21,"Great trip, plan more days than we did."
599,9,5,2024-12-20,Easily one of my best trips.
599,44,5,2026-05-01,
600,10,4,2024-11-08,
600,52,4,2023-09-27,"Lovely place, food was a highlight."
600,3,3,2026-01-11,
600,42,4,2026-02-18,"Lovely place, food was a highlight."
600,41,5,2024-11-20,
600,19,4,2024-02-14,
600,65,3,2026-02-06,
600,62,4,2025-10-18,
600,26,4,2023-03-28,
600,49,4,2024-03-22,
600,23,3,2025-09-27,
600,9,4,2024-02-01,
600,13,3,2023-01-26,Fine for a short stop.
600,30,4,2023-04-11,
600,31,5,2024-01-26,
600,58,4,2023-12-01,"Great trip, plan more days than we did."
600,7,2,2025-03-06,Weather spoiled most of the visit.
600,43,2,2025-03-19,
600,15,5,2025-11-05,Worth every rupee and every hour of travel.
600,35,2,2025-05-27,Weather spoiled most of the visit.
600,22,2,2024-05-02,
600,37,3,2026-04-25,
600,11,4,2024-12-22,
600,16,2,2024-11-09,
601,41,3,2024-03-11,
601,12,3,2025-01-07,
601,59,2,2024-02-13,
602,46,4,2025-07-20,"Really enjoyed it, a few crowded spots."
602,18,4,2026-03-01,
602,31,4,2024-03-09,
602,29,5,2023-06-08,
602,23,5,2024-06-27,
602,9,5,2023-11-17,Worth every rupee and every hour of travel.
602,27,4,2025-07-13,
603,47,5,2026-01-13,
603,23,4,2023-06-10,"Great trip, plan more days than we did."
603,45,5,2023-12-08,Easily one of my best trips.
603,1,5,2026-01-22,Easily one of my best trips.
603,30,4,2024-12-10,
603,15,5,2023-01-06,
603,49,4,2023-05-02,
603,14,4,2024-01-09,"Lovely place, food was a highlight."
603,62,5,2025-02-18,Easily one of my best trips.
603,29,5,2025-03-02,"Unforgettable, would go again tomorrow."
603,65,5,2024-01-04,
604,8,5,2024-02-16,
604,58,5,2025-05-12,
604,66,5,2025-12-20,
604,20,4,2025-02-04,
604,48,5,2024-05-24,
604,43,4,2023-03-22,
604,36,5,2025-09-04,
604,2,5,2026-04-23,
604,33,3,2025-08-10,
604,35,5,2025-04-25,Worth every rupee and every hour of travel.
604,59,3,2023-04-07,Fine for a short stop.
604,57,4,2024-03-19,
604,24,5,2026-02-03,Worth every rupee and every hour of travel.
604,22,4,2023-04-26,"Lovely place, food was a highlight."
604,11,5,2026-01-17,
604,56,5,2025-12-12,
604,12,4,2023-12-02,"Lovely place, food was a highlight."
604,31,5,2026-05-26,
604,27,5,2025-07-06,
605,53,2,2023-08-14,
605,35,3,2026-05-24,
605,9,3,2026-04-10,Fine for a short stop.
606,11,5,2025-09-09,
606,43,4,2024-01-09,
606,59,5,2024-04-17,Worth every rupee and every hour of travel.
606,60,4,2024-08-21,
606,21,5,2024-03-03,
607,1,5,2025-11-07,
607,65,5,2024-11-28,"Unforgettable, would go again tomorrow."
607,58,3,2025-08-08,
607,62,4,2025-03-23,"Lovely place, food was a highlight."
607,47,4,2025-02-23,
607,64,5,2025-10-01,
608,11,5,2026-01-02,
608,20,4,2025-03-25,
608,58,5,2025-11-23,
608,26,4,2025-12-17,
608,49,4,2024-04-19,
608,19,5,2025-10-25,
608,43,5,2025-10-19,
609,42,5,2024-10-25,
609,20,4,2025-10-16,
609,63,5,2025-01-07,"Unforgettable, would go again tomorrow."
609,55,5,2024-02-11,
609,64,4,2026-01-12,"Really enjoyed it, a few crowded spots."
610,43,4,2025-02-28,
610,62,2,2024-01-01,
610,30,3,2024-12-01,
610,40,3,2024-02-10,
610,5,3,2026-04-26,
610,58,3,2023-04-05,
610,6,1,2025-09-25,Not for us at all.
610,47,4,2026-01-03,
610,18,3,2026-05-02,
610,38,3,2025-07-16,"Some parts were great, others forgettable."
610,23,4,2025-04-15,
610,63,1,2025-07-24,
610,7,3,2023-04-02,"Decent, but not what I expected."
610,20,3,2023-11-11,
610,60,2,2026-01-25,Weather spoiled most of the visit.
610,35,4,2025-04-20,"Great trip, plan more days than we did."
610,36,2,2025-02-09,
610,42,2,2023-09-20,
610,29,3,2025-02-27,
610,22,3,2025-05-10,"Decent, but not what I expected."
610,44,3,2024-12-08,"Some parts were great, others forgettable."
610,13,2,2024-03-08,
610,51,2,2024-02-09,
611,30,4,2026-03-10,
611,37,4,2025-04-15,
611,45,5,2024-05-18,
611,31,5,2023-05-08,
611,29,5,2023-12-03,Worth every rupee and every hour of travel.
611,9,5,2025-07-25,
611,21,4,2024-12-02,
611,23,5,2024-04-22,
611,18,5,2025-12-08,Easily one of my best trips.
611,10,3,2025-03-28,"Decent, but not what I expected."
611,1,4,2023-01-01,
611,58,5,2025-10-06,"Unforgettable, would go again tomorrow."
611,28,4,2024-10-14,
611,66,4,2023-11-16,"Really enjoyed it, a few crowded spots."
611,59,4,2023-01-19,
611,44,4,2025-12-04,
611,15,5,2026-01-04,
611,47,4,2025-10-01,
611,38,5,2025-05-02,
611,36,4,2024-02-04,
611,62,4,2024-02-07,
611,13,5,2026-03-06,
611,7,5,2026-03-16,
611,42,4,2024-03-07,
611,49,4,2025-12-06,
611,22,4,2024-04-07,
611,51,3,2026-01-14,
611,33,5,2023-06-20,
611,43,4,2023-11-13,"Lovely place, food was a highlight."
611,41,5,2024-03-03,
611,46,4,2024-12-19,
612,35,5,2023-03-12,Easily one of my best trips.
612,30,5,2025-12-23,Easily one of my best trips.
612,29,4,2026-03-04,"Lovely place, food was a highlight."
612,41,4,2025-04-15,"Really enjoyed it, a few crowded spots."
612,53,3,2023-09-19,"Decent, but not what I expected."
612,23,3,2025-09-09,
612,31,4,2025-01-11,"Lovely place, food was a highlight."
612,9,2,2025-11-25,
612,36,3,2023-11-11,
612,62,4,2025-04-13,"Great trip, plan more days than we did."
612,34,4,2023-06-19,
612,26,3,2025-02-24,
612,43,1,2025-02-17,
612,32,4,2023-04-25,"Lovely place, food was a highlight."
612,58,1,2023-08-10,
612,1,3,2025-10-17,
612,27,5,2023-06-18,
612,33,3,2024-06-03,
612,49,3,2025-11-15,Fine for a short stop.
613,61,3,2025-01-15,Fine for a short stop.
613,17,4,2024-02-18,"Really enjoyed it, a few crowded spots."
613,20,5,2023-11-27,
614,30,3,2023-12-03,"Decent, but not what I expected."
614,45,5,2023-02-09,
614,29,4,2024-03-22,
614,23,2,2025-09-05,
614,27,4,2023-10-22,
615,64,3,2025-02-21,"Decent, but not what I expected."
615,11,5,2023-11-06,"Unforgettable, would go again tomorrow."
615,26,3,2025-12-06,
615,66,4,2024-11-10,
615,49,4,2024-05-23,
615,8,4,2025-05-14,
615,43,2,2025-10-17,
615,45,2,2024-10-04,Weather spoiled most of the visit.
615,16,3,2025-09-18,
615,21,2,2023-02-18,
615,36,4,2026-03-02,
616,51,4,2024-06-07,
616,60,4,2025-12-19,
616,36,4,2024-01-28,
617,62,4,2025-03-12,"Lovely place, food was a highlight."
617,26,4,2024-03-11,
617,9,5,2026-03-07,
617,23,5,2023-01-24,
618,66,5,2025-11-03,
618,41,3,2023-11-19,Fine for a short stop.
618,32,4,2024-03-19,"Lovely place, food was a highlight."
618,26,3,2026-01-01,
618,36,5,2024-12-01,
618,64,5,2026-01-25,
618,23,3,2024-05-01,"Some parts were great, others forgettable."
619,31,5,2023-03-05,
619,17,5,2023-01-18,
619,32,3,2025-06-25,"Decent, but not what I expected."
619,43,3,2024-10-26,
619,16,4,2023-02-02,
619,63,1,2023-11-02,
619,9,4,2023-01-26,"Really enjoyed it, a few crowded spots."
619,13,2,2025-10-25,
619,37,3,2024-03-02,
619,60,4,2025-02-08,
619,18,2,2023-09-07,
619,51,3,2023-11-18,
619,15,1,2025-12-27,
620,11,4,2025-03-01,
620,32,4,2025-05-03,
620,37,5,2024-05-09,
620,31,5,2025-06-27,
620,18,5,2024-01-24,"Unforgettable, would go again tomorrow."
620,49,4,2024-03-28,
620,33,2,2024-08-08,
620,23,4,2024-06-10,"Lovely place, food was a highlight."
621,52,5,2025-10-03,
621,3,4,2024-10-26,
621,43,3,2024-09-02,
622,36,5,2025-11-11,"Unforgettable, would go again tomorrow."
622,8,3,2025-01-01,Fine for a short stop.
622,41,5,2023-11-04,Worth every rupee and every hour of travel.
622,53,4,2025-08-10,
622,66,4,2023-03-15,
622,32,4,2025-10-07,
623,59,3,2023-06-10,
623,42,5,2024-02-22,
623,43,4,2023-02-24,
623,8,4,2026-03-25,
623,66,5,2024-10-06,
623,1,3,2025-11-27,
623,21,3,2026-02-14,Fine for a short stop.
623,36,5,2025-02-08,Worth every rupee and every hour of travel.
623,64,4,2025-10-16,"Really enjoyed it, a few crowded spots."
624,6,3,2025-10-13,
624,62,3,2023-11-28,Fine for a short stop.
624,42,5,2024-11-09,
624,51,5,2023-08-24,
624,15,3,2023-02-28,
624,9,3,2026-03-06,
624,20,4,2024-03-05,"Lovely place, food was a highlight."
624,61,3,2025-02-20,"Decent, but not what I expected."
624,21,3,2025-01-15,
624,23,4,2025-10-20,
625,12,4,2023-01-12,
625,62,4,2023-11-12,
625,57,4,2023-01-23,
625,1,3,2024-02-04,
625,29,5,2024-05-05,"Unforgettable, would go again tomorrow."
625,19,5,2025-11-10,
625,65,4,2025-02-03,
625,26,3,2025-10-11,
626,49,5,2025-03-22,
626,62,2,2025-12-18,Too crowded and overpriced for us.
626,10,4,2025-11-24,
626,11,4,2023-03-28,
626,43,5,2024-09-09,
626,26,4,2023-11-23,
627,9,4,2026-05-21,
627,32,2,2023-06-05,
627,30,3,2026-03-19,
628,49,4,2024-01-21,
628,21,3,2026-02-16,"Some parts were great, others forgettable."
628,37,3,2023-03-28,
628,23,4,2025-06-22,
628,8,2,2023-10-19,
628,4,3,2025-09-15,
628,60,5,2026-02-06,
628,11,4,2025-12-07,
628,7,3,2023-12-05,
629,46,4,2024-04-06,
629,57,3,2023-01-04,
629,48,3,2025-09-12,Fine for a short stop.
629,12,2,2025-02-06,Would not prioritise this again.
629,29,3,2026-03-19,
630,1,5,2023-10-04,
630,3,5,2025-03-15,Easily one of my best trips.
630,65,4,2024-11-12,"Lovely place, food was a highlight."
630,4,5,2025-09-10,
630,11,4,2024-12-19,
630,46,4,2023-09-05,
630,57,5,2025-03-04,
630,12,4,2024-10-26,
630,33,3,2025-09-05,
630,31,2,2023-05-14,
630,32,2,2024-03-19,Too crowded and overpriced for us.
630,6,4,2025-01-02,
630,52,4,2023-09-01,"Great trip, plan more days than we did."
630,14,3,2023-02-01,
631,31,4,2025-12-14,"Great trip, plan more days than we did."
631,23,3,2024-05-17,
631,21,2,2025-11-10,
631,38,3,2025-01-17,
631,53,4,2024-10-23,
631,7,4,2025-04-11,
631,18,4,2023-02-08,
631,42,3,2025-11-05,
631,46,2,2025-08-14,Too crowded and overpriced for us.
632,23,2,2025-09-21,Would not prioritise this again.
632,12,4,2025-10-25,
632,14,4,2025-12-11,"Lovely place, food was a highlight."
632,41,4,2023-04-11,
632,7,3,2024-06-09,
632,19,4,2025-08-23,"Great trip, plan more days than we did."
633,12,5,2026-02-03,
633,26,4,2026-02-26,"Really enjoyed it, a few crowded spots."
633,10,4,2025-12-02,
634,26,3,2024-12-03,
634,16,3,2025-11-14,
634,60,4,2023-04-01,
634,54,3,2024-02-28,
634,49,4,2025-12-08,
634,59,4,2025-05-17,"Really enjoyed it, a few crowded spots."
634,21,4,2025-10-02,
635,18,5,2026-01-23,
635,22,5,2023-04-16,
635,20,5,2024-04-03,
635,15,5,2023-01-03,"Unforgettable, would go again tomorrow."
636,21,4,2025-01-22,"Great trip, plan more days than we did."
636,42,4,2024-03-16,"Great trip, plan more days than we did."
636,38,5,2024-11-21,
636,43,3,2023-03-16,
636,60,2,2025-03-17,
636,6,2,2025-12-20,
636,31,3,2024-03-17,
636,20,4,2025-12-15,"Great trip, plan more days than we did."
636,47,5,2026-01-08,Worth every rupee and every hour of travel.
637,41,5,2023-11-17,Worth every rupee and every hour of travel.
637,63,3,2025-03-28,
637,42,4,2025-10-26,"Lovely place, food was a highlight."
638,26,5,2025-12-05,
638,19,5,2024-01-01,Worth every rupee and every hour of travel.
638,28,5,2023-03-16,Worth every rupee and every hour of travel.
638,46,5,2023-10-04,
638,47,4,2025-04-11,"Really enjoyed it, a few crowded spots."
638,62,4,2025-03-13,"Great trip, plan more days than we did."
638,60,3,2023-03-05,"Decent, but not what I expected."
638,41,3,2023-02-23,"Some parts were great, others forgettable."
638,61,3,2025-01-18,
638,31,2,2025-04-27,
638,11,4,2026-03-26,
638,38,3,2023-12-06,
639,20,3,2024-10-23,
639,42,5,2023-02-09,
639,9,4,2023-11-19,"Lovely place, food was a highlight."
639,63,3,2024-07-14,
640,65,5,2023-12-23,
640,27,3,2023-09-12,
640,14,4,2024-01-04,"Really enjoyed it, a few crowded spots."
640,12,3,2025-12-09,
641,42,4,2023-01-05,
641,49,5,2024-04-12,
641,3,3,2025-12-27,
641,4,3,2025-11-12,
641,20,5,2023-02-06,
641,12,4,2023-04-15,"Great trip, plan more days than we did."
641,11,5,2025-10-01,
641,1,3,2025-12-12,
641,31,4,2026-01-27,"Lovely place, food was a highlight."
642,65,5,2025-12-15,
642,64,5,2025-12-22,
642,62,5,2024-12-15,
642,29,4,2023-03-13,
643,42,5,2026-01-06,
643,18,3,2023-12-21,Fine for a short stop.
643,49,2,2026-05-11,
643,28,2,2025-06-27,
644,22,3,2026-03-10,
644,31,3,2025-11-10,
644,41,4,2024-05-06,"Great trip, plan more days than we did."
644,35,5,2023-09-09,
645,64,4,2024-09-08,
645,29,4,2025-03-16,
645,43,4,2023-03-09,
645,1,3,2026-03-01,
645,58,4,2025-10-27,
645,30,4,2025-11-13,
645,27,4,2026-02-04,
645,18,4,2023-01-21,"Lovely place, food was a highlight."
645,45,5,2026-04-09,
645,13,4,2025-10-26,
645,42,3,2025-10-26,
646,42,5,2024-12-16,
646,43,3,2026-02-08,"Decent, but not what I expected."
646,28,4,2025-10-13,
646,8,4,2025-12-23,
646,52,4,2023-08-13,"Lovely place, food was a highlight."
646,51,4,2024-01-14,
646,47,3,2023-12-24,
647,28,4,2024-05-22,
647,46,5,2024-10-02,
647,62,5,2023-12-15,"Unforgettable, would go again tomorrow."
647,44,3,2025-12-26,
648,58,5,2023-11-01,
648,1,4,2025-12-26,
648,23,3,2026-06-09,"Some parts were great, others forgettable."
649,46,4,2024-07-21,
649,45,2,2025-03-10,Weather spoiled most of the visit.
649,41,3,2024-10-09,
649,55,3,2024-03-23,
649,3,4,2024-01-11,
649,61,4,2025-07-06,"Great trip, plan more days than we did."
649,1,3,2025-11-22,
649,4,4,2023-03-13,"Really enjoyed it, a few crowded spots."
649,28,4,2024-07-14,
649,60,3,2023-03-04,
649,31,3,2025-12-15,"Decent, but not what I expected."
649,23,3,2025-05-13,Fine for a short stop.
649,53,3,2025-10-16,
650,11,3,2023-01-19,
650,49,4,2025-11-09,
650,7,3,2024-03-12,
650,23,1,2025-06-06,
650,8,4,2023-12-13,
651,60,3,2023-02-01,"Some parts were great, others forgettable."
651,61,3,2026-01-04,
651,46,5,2023-07-24,
651,47,5,2023-02-02,
651,21,5,2023-10-02,
651,43,4,2023-03-04,
651,6,2,2024-10-22,Too crowded and overpriced for us.
651,35,3,2025-09-28,Fine for a short stop.
651,41,4,2025-04-02,
651,23,4,2026-05-14,
651,19,5,2023-12-09,
651,58,4,2024-10-20,"Lovely place, food was a highlight."
651,39,3,2024-07-09,"Decent, but not what I expected."
651,59,3,2025-05-03,"Decent, but not what I expected."
651,57,2,2025-10-05,
651,28,4,2026-04-28,
651,14,2,2025-11-15,
652,27,2,2024-07-18,Would not prioritise this again.
652,62,5,2024-12-08,"Unforgettable, would go again tomorrow."
652,41,2,2023-02-09,
652,60,3,2025-02-24,
652,31,4,2023-03-18,
652,1,3,2025-11-23,"Decent, but not what I expected."
652,44,3,2025-10-03,
652,10,4,2024-01-08,
652,14,4,2023-01-26,
652,35,3,2025-08-16,
653,61,4,2023-08-19,"Lovely place, food was a highlight."
653,46,4,2024-06-02,
653,26,3,2026-05-28,"Decent, but not what I expected."
653,62,4,2024-03-08,"Great trip, plan more days than we did."
653,19,5,2024-12-21,
653,30,4,2024-07-13,
653,32,4,2025-11-19,
653,48,3,2023-10-26,
653,13,2,2023-03-20,Weather spoiled most of the visit.
653,35,3,2024-05-25,
653,23,3,2023-06-22,
653,66,3,2025-01-06,
653,7,3,2025-02-20,
654,19,5,2026-06-01,
654,49,4,2023-05-12,"Really enjoyed it, a few crowded spots."
654,6,4,2025-11-14,
655,31,5,2024-07-28,
655,22,4,2023-10-01,
655,9,4,2025-02-04,"Really enjoyed it, a few crowded spots."
655,44,5,2026-03-05,
656,21,5,2023-12-11,
656,60,4,2025-10-22,"Really enjoyed it, a few crowded spots."
656,58,5,2024-04-24,
656,11,5,2024-01-22,Worth every rupee and every hour of travel.
656,38,4,2025-05-21,
656,62,5,2023-03-02,
656,26,3,2025-02-14,
656,3,4,2025-07-05,
657,32,4,2026-04-05,
657,14,3,2024-10-06,Fine for a short stop.
657,55,5,2025-10-18,
657,63,5,2024-01-14,
657,16,5,2023-02-04,
657,8,4,2026-01-01,
657,42,5,2026-03-22,
658,31,5,2026-03-01,
658,60,4,2026-04-21,"Really enjoyed it, a few crowded spots."
658,35,4,2025-11-15,"Really enjoyed it, a few crowded spots."
658,43,4,2025-09-04,"Lovely place, food was a highlight."
658,33,3,2023-07-15,Fine for a short stop.
658,7,4,2023-03-02,
658,32,4,2025-10-17,
658,5,3,2026-03-04,
658,64,4,2026-04-08,
658,16,3,2026-01-08,
659,22,5,2025-06-28,
659,60,3,2023-02-06,
659,31,5,2024-07-21,Easily one of my best trips.
659,23,4,2025-02-05,
659,41,4,2024-10-23,"Lovely place, food was a highlight."
659,14,4,2025-10-14,"Lovely place, food was a highlight."
660,46,5,2025-09-03,Easily one of my best trips.
660,30,5,2023-11-10,"Unforgettable, would go again tomorrow."
660,20,5,2024-02-25,Easily one of my best trips.
660,29,5,2024-12-14,
660,28,5,2026-03-03,
661,13,5,2026-01-23,
661,37,5,2023-07-21,
661,41,5,2026-04-15,
661,15,5,2025-03-03,
661,65,3,2023-12-13,
661,44,4,2024-12-06,
661,23,5,2026-04-22,
661,9,4,2025-10-17,
661,22,4,2026-03-13,
661,31,5,2023-01-03,
661,18,4,2023-11-14,
661,27,2,2023-07-13,Weather spoiled most of the visit.
661,1,3,2026-01-20,
661,28,3,2024-03-18,
661,43,3,2026-05-22,
661,38,4,2024-11-28,"Lovely place, food was a highlight."
662,62,5,2023-01-27,
662,45,4,2025-02-19,
662,49,5,2024-05-24,
663,23,5,2025-10-22,
663,35,5,2025-09-21,
663,30,5,2023-03-05,
663,56,5,2024-03-25,"Unforgettable, would go again tomorrow."
663,47,3,2024-11-03,Fine for a short stop.
664,41,5,2023-03-17,
664,31,4,2025-04-18,
664,23,5,2025-06-09,"Unforgettable, would go again tomorrow."
664,15,5,2024-01-18,Worth every rupee and every hour of travel.
664,32,3,2024-03-19,
664,38,2,2024-05-04,Would not prioritise this again.
664,14,4,2024-08-25,
664,62,2,2023-03-18,
665,62,4,2023-03-09,
665,60,5,2023-09-03,
665,59,4,2024-12-12,"Really enjoyed it, a few crowded spots."
665,17,4,2025-11-18,
665,49,2,2025-05-12,
665,15,4,2024-05-21,
665,9,3,2026-02-18,
665,58,5,2023-06-14,Easily one of my best trips.
665,1,3,2025-11-20,
665,47,5,2025-03-22,Worth every rupee and every hour of travel.
665,23,2,2024-05-27,
665,21,4,2025-12-02,
665,8,3,2025-03-04,
665,13,3,2025-11-04,
665,45,4,2026-01-18,
666,28,5,2023-09-08,Worth every rupee and every hour of travel.
666,46,4,2023-06-20,
666,66,5,2025-03-25,"Unforgettable, would go again tomorrow."
666,21,5,2025-10-05,
666,38,5,2026-04-18,"Unforgettable, would go again tomorrow."
667,12,5,2023-02-16,
667,64,4,2026-02-16,
667,16,3,2024-01-14,
667,4,5,2024-11-22,
667,6,4,2025-01-27,
667,65,5,2025-02-19,Easily one of my best trips.
667,25,5,2026-02-05,
667,14,5,2024-11-27,
668,54,5,2025-10-19,
668,41,5,2026-02-19,
668,57,3,2023-02-12,
668,9,4,2023-12-14,
668,22,5,2024-06-22,
669,60,4,2026-04-21,"Lovely place, food was a highlight."
669,39,4,2023-09-03,"Really enjoyed it, a few crowded spots."
669,65,3,2023-10-06,
670,4,3,2025-03-09,Fine for a short stop.
670,58,4,2023-11-07,"Lovely place, food was a highlight."
670,18,3,2024-02-24,Fine for a short stop.
670,23,5,2023-10-17,"Unforgettable, would go again tomorrow."
670,9,5,2026-03-19,
671,36,5,2025-12-14,"Unforgettable, would go again tomorrow."
671,31,4,2026-01-07,
671,43,5,2025-02-19,Easily one of my best trips.
671,32,4,2023-11-07,"Lovely place, food was a highlight."
671,12,4,2024-10-11,
671,21,3,2025-08-28,
671,26,5,2024-01-21,
671,60,4,2023-12-26,
671,64,3,2023-03-15,
672,43,5,2023-10-23,
672,42,5,2025-12-16,
672,58,5,2023-12-11,
673,16,5,2025-09-15,
673,23,3,2023-10-02,
673,14,5,2026-01-13,
673,60,5,2023-12-11,
673,26,5,2023-11-18,
673,25,5,2024-11-26,
674,22,3,2023-10-10,
674,43,4,2023-03-17,"Lovely place, food was a highlight."
674,49,3,2024-01-05,
675,36,5,2024-04-11,Easily one of my best trips.
675,8,5,2024-10-16,
675,66,5,2023-10-17,Easily one of my best trips.
676,65,5,2024-09-17,
676,58,3,2025-03-03,"Some parts were great, others forgettable."
676,64,5,2025-12-11,
676,14,5,2025-04-10,"Unforgettable, would go again tomorrow."
676,62,3,2025-11-08,
676,4,4,2025-01-21,
676,25,5,2025-01-13,Worth every rupee and every hour of travel.
676,1,4,2023-09-09,
676,31,3,2023-12-08,"Decent, but not what I expected."
676,51,2,2025-09-01,Weather spoiled most of the visit.
676,12,4,2024-11-14,
676,56,4,2026-05-14,"Lovely place, food was a highlight."
677,46,5,2023-10-16,Easily one of my best trips.
677,30,4,2023-11-11,"Really enjoyed it, a few crowded spots."
677,29,5,2023-09-07,
677,4,3,2025-09-01,
677,32,3,2024-09-17,
678,11,5,2023-02-15,
678,62,4,2025-10-16,
678,45,4,2023-02-22,
679,43,4,2024-02-18,
679,58,5,2025-12-21,
679,60,4,2024-03-23,
679,31,3,2023-04-05,
679,21,4,2026-03-10,"Really enjoyed it, a few crowded spots."
679,64,3,2025-03-19,
679,41,5,2023-05-19,
679,23,4,2025-04-09,
679,7,4,2025-11-12,
679,14,5,2026-01-20,
679,26,2,2025-12-22,Weather spoiled most of the visit.
680,27,5,2024-05-20,
680,60,4,2026-03-15,
680,35,5,2023-03-12,
680,46,4,2026-06-12,"Lovely place, food was a highlight."
680,12,5,2024-02-17,
680,62,2,2026-03-13,
680,20,3,2024-11-23,
680,59,4,2024-12-28,
680,66,2,2024-12-02,
680,36,3,2025-11-17,
680,29,4,2025-09-25,"Really enjoyed it, a few crowded spots."
680,30,5,2023-08-16,Easily one of my best trips.
681,58,3,2024-04-23,
681,3,3,2023-01-21,Fine for a short stop.
681,66,5,2024-01-14,
681,25,4,2024-02-04,"Really enjoyed it, a few crowded spots."
682,26,4,2024-10-08,"Great trip, plan more days than we did."
682,41,4,2023-05-11,
682,31,4,2023-04-18,
682,60,5,2024-02-02,
682,14,5,2024-10-13,
682,11,3,2025-02-26,
682,59,2,2024-02-27,
682,12,4,2023-01-28,
683,35,5,2025-10-08,"Unforgettable, would go again tomorrow."
683,7,4,2023-04-02,"Great trip, plan more days than we did."
683,43,3,2023-12-17,
683,41,4,2023-11-23,
683,39,5,2023-07-17,Worth every rupee and every hour of travel.
683,10,4,2023-11-19,
683,49,5,2024-04-20,"Unforgettable, would go again tomorrow."
684,23,3,2023-09-14,
684,14,4,2026-01-18,
684,20,4,2025-11-21,"Really enjoyed it, a few crowded spots."
685,58,5,2024-05-17,"Unforgettable, would go again tomorrow."
685,1,4,2025-03-19,"Lovely place, food was a highlight."
685,26,4,2023-12-04,
685,56,4,2026-02-08,
685,19,5,2024-12-10,
685,64,5,2023-02-16,Easily one of my best trips.
685,23,3,2024-04-23,
685,46,5,2023-09-06,Easily one of my best trips.
685,63,3,2025-01-11,
685,7,4,2025-04-11,"Lovely place, food was a highlight."
685,14,4,2023-02-24,
685,32,5,2024-09-03,Worth every rupee and every hour of travel.
685,59,4,2025-03-02,
685,65,5,2026-02-03,
685,38,4,2025-03-27,"Really enjoyed it, a few crowded spots."
686,23,5,2025-05-06,
686,45,5,2024-05-14,
686,37,5,2023-08-20,
687,65,5,2025-10-26,Easily one of my best trips.
687,3,4,2023-10-24,
687,59,2,2025-12-19,Would not prioritise this again.
688,60,5,2024-01-06,Worth every rupee and every hour of travel.
688,45,5,2024-04-11,
688,11,4,2024-01-21,
688,43,5,2024-02-16,
688,21,4,2026-03-06,"Lovely place, food was a highlight."
688,7,5,2025-08-20,
688,31,5,2026-03-03,"Unforgettable, would go again tomorrow."
688,58,5,2024-04-27,
689,43,5,2023-03-20,Easily one of my best trips.
689,60,5,2025-10-18,Worth every rupee and every hour of travel.
689,20,3,2026-03-26,
689,31,5,2025-06-11,
689,1,4,2025-11-09,
689,39,4,2025-07-14,
689,38,5,2023-11-19,Easily one of my best trips.
689,16,3,2023-12-21,
689,23,2,2024-09-03,
689,3,3,2025-10-14,
689,19,4,2023-01-20,
689,25,2,2023-11-16,
689,30,1,2025-11-14,Skip it unless you really have to go.
689,22,3,2023-08-17,
690,17,4,2026-03-02,
690,49,3,2026-04-22,
690,23,4,2025-05-28,
690,32,3,2025-05-19,
690,41,4,2025-12-25,
691,62,5,2025-12-02,
691,15,4,2024-03-13,
691,11,5,2024-02-28,
691,54,4,2026-05-15,
691,19,5,2025-12-17,
691,49,3,2023-03-07,
691,65,5,2024-10-06,
691,12,5,2026-05-20,Worth every rupee and every hour of travel.
691,7,3,2023-11-05,
691,60,4,2023-03-20,"Really enjoyed it, a few crowded spots."
691,57,4,2024-10-11,
692,49,3,2023-02-23,
692,41,4,2024-04-26,
692,62,2,2025-01-11,Weather spoiled most of the visit.
692,22,4,2023-05-08,
692,23,4,2023-06-05,
692,53,4,2026-03-04,"Great trip, plan more days than we did."
692,31,4,2025-04-13,
692,15,4,2023-11-23,
692,10,3,2025-01-26,
692,20,3,2025-11-09,
692,8,4,2023-03-24,
692,11,5,2025-01-10,Worth every rupee and every hour of travel.
692,18,3,2025-09-08,
692,37,4,2025-11-22,
692,54,3,2026-03-01,
692,56,3,2025-01-16,
692,26,4,2024-02-24,"Great trip, plan more days than we did."
692,13,4,2024-02-13,"Lovely place, food was a highlight."
692,45,4,2026-02-02,"Lovely place, food was a highlight."
692,12,3,2023-10-06,
692,21,2,2023-03-20,Would not prioritise this again.
692,66,4,2023-12-11,"Lovely place, food was a highlight."
692,47,3,2023-04-17,
692,50,4,2025-10-03,"Really enjoyed it, a few crowded spots."
692,19,5,2023-12-05,"Unforgettable, would go again tomorrow."
692,28,1,2023-08-12,
692,36,5,2023-05-23,
693,59,3,2025-12-25,
693,66,5,2024-11-05,
693,20,5,2024-10-09,Easily one of my best trips.
693,64,5,2025-10-15,
693,43,3,2025-12-15,
694,36,4,2025-10-23,"Great trip, plan more days than we did."
694,35,2,2026-03-26,Too crowded and overpriced for us.
694,17,4,2024-03-12,
695,29,4,2023-02-20,
695,26,3,2023-02-13,Fine for a short stop.
695,30,4,2024-03-15,
695,34,3,2023-03-07,Fine for a short stop.
695,42,3,2026-02-04,
695,62,3,2026-01-15,Fine for a short stop.
695,35,4,2025-10-22,
695,65,4,2023-08-28,
695,12,3,2024-11-17,
695,51,4,2024-12-15,
695,56,2,2023-12-12,
695,1,3,2023-02-14,Fine for a short stop.
695,41,3,2024-10-22,
695,13,2,2024-10-16,Too crowded and overpriced for us.
695,23,2,2024-04-04,
696,58,5,2025-04-25,Easily one of my best trips.
696,47,5,2024-03-02,"Unforgettable, would go again tomorrow."
696,14,5,2025-12-26,
697,59,5,2025-06-01,
697,42,5,2025-11-15,
697,33,4,2025-09-09,
697,30,4,2025-04-11,
697,21,2,2023-01-07,
697,45,4,2025-01-21,
697,57,4,2023-02-07,
697,8,5,2024-02-06,
697,31,4,2023-12-15,
697,51,3,2024-01-25,
698,20,5,2025-10-15,
698,66,5,2025-01-12,
698,60,4,2023-02-06,"Really enjoyed it, a few crowded spots."
698,22,4,2023-06-13,"Really enjoyed it, a few crowded spots."
698,7,3,2026-01-16,
698,43,4,2025-07-01,
698,30,3,2025-05-26,
698,42,5,2024-10-16,
698,16,3,2025-09-28,
699,66,4,2025-11-11,
699,64,4,2023-02-10,
699,12,4,2023-02-10,
699,46,5,2024-10-21,
699,16,3,2024-01-08,
699,11,5,2025-10-17,
699,49,4,2024-03-02,
699,25,4,2024-11-18,
700,43,4,2023-12-13,
700,38,4,2023-03-21,
700,58,5,2025-11-18,Easily one of my best trips.
701,59,5,2024-06-18,"Unforgettable, would go again tomorrow."
701,43,4,2024-03-10,
701,1,4,2024-12-20,
701,20,4,2026-06-17,
701,37,2,2026-04-08,Weather spoiled most of the visit.
702,31,5,2023-04-13,
702,8,5,2023-10-28,
702,32,5,2024-09-07,
702,1,2,2025-12-21,
702,64,5,2024-12-21,
702,49,3,2023-01-27,
703,21,4,2025-02-02,
703,38,4,2023-11-01,
703,42,4,2023-01-24,"Lovely place, food was a highlight."
703,51,3,2024-02-26,Fine for a short stop.
703,43,5,2023-01-15,
703,58,3,2025-03-12,"Decent, but not what I expected."
703,14,2,2026-02-16,
704,26,4,2023-11-04,
704,64,4,2025-11-11,
704,12,4,2025-04-18,
704,28,4,2026-06-24,
704,30,3,2025-04-28,
704,11,4,2026-01-07,"Great trip, plan more days than we did."
704,43,3,2025-08-10,Fine for a short stop.
705,11,5,2025-03-08,Easily one of my best trips.
705,14,4,2025-12-07,"Lovely place, food was a highlight."
705,26,5,2025-12-07,
705,29,5,2025-12-14,
705,41,5,2025-05-13,
706,7,4,2024-11-28,"Really enjoyed it, a few crowded spots."
706,44,4,2024-09-09,
706,45,5,2024-11-28,
706,60,4,2025-03-21,
706,58,5,2023-12-20,
706,54,3,2024-08-12,"Decent, but not what I expected."
707,15,5,2023-03-03,Easily one of my best trips.
707,20,5,2023-11-18,Worth every rupee and every hour of travel.
707,23,4,2024-10-16,
707,42,5,2024-01-09,
707,16,4,2023-10-21,"Lovely place, food was a highlight."
707,18,3,2023-11-26,
708,49,5,2023-12-05,Easily one of my best trips.
708,11,5,2024-02-06,
708,47,4,2024-12-12,
709,15,3,2025-09-09,
709,41,4,2026-04-06,"Lovely place, food was a highlight."
709,7,4,2025-10-02,"Lovely place, food was a highlight."
709,3,3,2025-11-01,
709,42,4,2025-11-22,
709,59,3,2025-10-06,
710,49,3,2026-02-12,Fine for a short stop.
710,14,3,2023-12-15,
710,64,5,2026-03-01,"Unforgettable, would go again tomorrow."
710,18,2,2023-02-08,
710,26,1,2023-02-19,Disappointing from start to finish.
710,43,3,2026-03-08,
710,31,5,2026-03-27,
711,17,3,2024-09-11,
711,66,3,2024-06-06,
711,9,4,2024-11-08,
711,38,2,2024-05-07,Would not prioritise this again.
711,22,4,2024-11-28,
711,23,5,2023-10-02,
711,53,2,2025-07-17,
711,29,2,2023-12-28,
711,18,5,2025-09-18,
711,14,3,2025-10-20,
712,26,3,2025-10-07,"Some parts were great, others forgettable."
712,30,5,2025-04-19,
712,52,5,2024-12-27,
712,58,4,2025-11-07,
712,31,5,2023-06-12,
712,38,5,2025-08-02,
712,35,5,2025-11-17,"Unforgettable, would go again tomorrow."
712,9,5,2025-12-04,
712,23,5,2024-05-06,
712,10,4,2025-07-16,"Lovely place, food was a highlight."
712,7,4,2025-11-05,"Great trip, plan more days than we did."
713,23,5,2023-04-21,
713,31,5,2023-06-10,"Unforgettable, would go again tomorrow."
713,15,5,2024-12-01,
713,41,4,2026-04-23,"Really enjoyed it, a few crowded spots."
714,33,5,2025-08-11,
714,64,5,2025-10-08,
714,29,5,2024-12-23,Worth every rupee and every hour of travel.
714,36,5,2023-02-19,
714,15,3,2025-10-21,Fine for a short stop.
714,31,4,2024-12-27,
714,49,4,2025-10-28,
715,60,4,2025-04-16,
715,19,5,2024-01-19,
715,41,5,2026-05-07,
715,12,4,2024-11-24,"Great trip, plan more days than we did."
716,12,5,2024-12-24,
716,20,5,2026-03-20,
716,58,4,2023-05-20,
716,63,5,2025-07-08,
716,60,2,2026-03-15,Would not prioritise this again.
716,52,3,2025-12-04,Fine for a short stop.
716,1,4,2025-12-23,
716,23,3,2023-05-09,Fine for a short stop.
717,45,5,2023-05-28,
717,59,4,2023-03-13,
717,21,5,2023-11-13,"Unforgettable, would go again tomorrow."
718,4,5,2025-03-17,
718,23,4,2024-10-18,
718,9,4,2023-12-26,
718,1,5,2025-02-20,
718,25,5,2024-02-03,Easily one of my best trips.
718,46,4,2026-06-28,"Lovely place, food was a highlight."
718,31,4,2023-03-01,
718,8,4,2026-02-10,"Really enjoyed it, a few crowded spots."
718,53,5,2025-09-19,Easily one of my best trips.
718,26,3,2025-12-01,
718,65,5,2024-10-10,
718,52,5,2025-01-04,Easily one of my best trips.
718,6,5,2026-03-12,
718,32,4,2025-10-07,
718,29,5,2026-01-20,
718,62,5,2026-03-08,
718,5,3,2025-10-12,Fine for a short stop.
718,57,5,2026-01-16,
718,21,2,2025-01-01,
718,60,5,2024-04-06,Easily one of my best trips.
718,15,4,2025-07-16,
718,19,4,2026-02-04,"Great trip, plan more days than we did."
718,10,2,2025-01-04,Too crowded and overpriced for us.
718,14,5,2025-12-11,
718,13,4,2025-12-14,"Great trip, plan more days than we did."
718,16,2,2023-01-08,Too crowded and overpriced for us.
718,64,4,2025-10-28,
719,21,5,2025-03-21,
719,22,2,2025-11-23,
719,43,4,2024-03-19,
719,4,3,2024-12-21,
719,27,3,2025-05-10,Fine for a short stop.
719,60,5,2024-12-18,
719,49,3,2024-11-05,Fine for a short stop.
719,34,4,2023-09-07,
719,64,2,2023-01-05,
719,47,4,2026-02-07,"Lovely place, food was a highlight."
720,21,3,2024-02-03,
720,27,4,2026-06-22,"Lovely place, food was a highlight."
720,30,3,2024-03-21,
721,53,3,2025-08-07,"Some parts were great, others forgettable."
721,45,4,2025-11-08,
721,55,4,2024-01-23,
721,31,5,2024-01-19,Easily one of my best trips.
721,33,3,2026-06-08,"Decent, but not what I expected."
721,16,4,2025-09-28,"Really enjoyed it, a few crowded spots."
721,43,4,2025-04-04,
721,22,3,2023-11-20,
722,60,4,2024-01-05,"Great trip, plan more days than we did."
722,29,3,2025-06-16,
722,33,4,2024-11-15,"Lovely place, food was a highlight."
722,23,3,2025-10-20,
722,47,4,2026-04-26,"Great trip, plan more days than we did."
722,41,4,2025-11-12,
722,9,3,2024-10-04,
722,51,4,2023-05-01,"Lovely place, food was a highlight."
722,63,4,2023-02-09,
722,20,5,2024-11-08,
722,48,5,2025-10-04,
723,60,4,2024-01-06,
723,26,4,2025-10-12,
723,20,3,2025-11-01,
723,23,1,2025-06-26,
724,63,3,2025-11-15,
724,12,3,2025-12-05,"Some parts were great, others forgettable."
724,23,3,2026-05-15,
724,53,1,2025-10-05,
724,20,4,2025-02-19,"Great trip, plan more days than we did."
724,46,3,2025-10-12,"Decent, but not what I expected."
724,45,2,2023-04-03,
724,11,3,2024-11-21,
725,41,3,2023-05-14,
725,23,4,2023-12-04,
725,29,3,2024-06-22,
725,31,5,2025-05-18,
726,65,5,2024-01-18,Worth every rupee and every hour of travel.
726,35,4,2024-11-07,
726,1,4,2023-10-19,
726,3,5,2025-10-28,
726,41,5,2023-03-20,Easily one of my best trips.
727,66,5,2025-02-18,
727,43,3,2023-02-12,Fine for a short stop.
727,20,4,2025-12-05,
728,8,3,2023-02-08,Fine for a short stop.
728,61,2,2026-01-16,
728,9,4,2023-12-18,
728,66,5,2025-11-04,
729,19,4,2024-02-02,
729,12,5,2024-04-15,
729,20,3,2026-01-20,
729,46,5,2025-08-22,
729,28,3,2026-06-14,
730,31,4,2023-03-16,
730,7,2,2024-01-05,Would not prioritise this again.
730,63,2,2025-03-28,Too crowded and overpriced for us.
731,63,4,2024-02-23,
731,21,4,2024-12-04,
731,11,4,2025-12-14,
731,31,4,2026-04-20,"Great trip, plan more days than we did."
731,64,5,2024-01-26,
731,56,3,2025-01-02,
732,14,3,2023-10-18,
732,57,4,2026-01-05,
732,11,5,2023-01-15,
732,12,5,2025-11-14,
732,22,5,2025-05-28,Worth every rupee and every hour of travel.
732,25,3,2026-01-19,"Decent, but not what I expected."
732,44,4,2024-04-21,
732,2,3,2024-03-23,
732,59,3,2026-03-22,"Some parts were great, others forgettable."
732,54,3,2026-05-01,
732,8,4,2024-11-24,
732,43,4,2025-12-19,
733,62,4,2025-01-11,"Great trip, plan more days than we did."
733,45,3,2023-10-02,"Some parts were great, others forgettable."
733,23,4,2024-10-14,
733,46,5,2025-10-04,
733,3,3,2026-03-01,"Some parts were great, others forgettable."
734,8,3,2023-08-27,
734,6,2,2023-02-23,Weather spoiled most of the visit.
734,44,3,2026-04-18,
735,3,3,2025-11-22,"Some parts were great, others forgettable."
735,57,4,2023-11-03,
735,23,5,2023-10-08,"Unforgettable, would go again tomorrow."
735,19,5,2023-03-01,
735,26,3,2024-10-01,"Some parts were great, others forgettable."
735,59,4,2025-04-25,"Lovely place, food was a highlight."
735,12,5,2026-06-20,Worth every rupee and every hour of travel.
735,43,5,2025-11-01,
735,63,3,2025-12-23,Fine for a short stop.
735,21,4,2023-12-11,
735,60,5,2024-03-08,Worth every rupee and every hour of travel.
735,58,5,2026-02-17,"Unforgettable, would go again tomorrow."
735,47,5,2023-04-25,Easily one of my best trips.
735,15,3,2025-12-05,
735,46,5,2023-07-23,
736,49,5,2024-12-28,
736,11,5,2025-12-26,
736,21,4,2025-03-11,
736,45,4,2025-11-11,
736,43,4,2025-11-10,
736,59,4,2024-05-11,
736,47,5,2025-02-01,
736,26,3,2023-11-20,
736,20,3,2025-11-18,
737,43,4,2026-01-18,"Really enjoyed it, a few crowded spots."
737,10,4,2025-02-14,"Really enjoyed it, a few crowded spots."
737,1,2,2025-11-20,Would not prioritise this again.
738,45,5,2023-09-22,
738,41,5,2024-10-20,
738,65,4,2025-02-02,"Lovely place, food was a highlight."
739,64,5,2024-02-10,
739,10,4,2025-11-06,"Lovely place, food was a highlight."
739,3,4,2026-02-12,
739,60,5,2026-05-01,
739,65,3,2024-11-19,"Decent, but not what I expected."
739,59,4,2024-06-19,"Really enjoyed it, a few crowded spots."
739,46,3,2025-07-17,
740,43,4,2024-10-04,
740,12,3,2024-03-11,
740,41,5,2023-11-22,
740,32,3,2024-08-01,
740,60,4,2023-01-26,
740,31,4,2026-06-20,
740,21,4,2025-10-25,
741,10,3,2026-02-19,
741,16,3,2023-01-16,
741,37,2,2026-03-01,
741,20,5,2025-01-10,"Unforgettable, would go again tomorrow."
741,38,3,2025-11-01,
742,62,3,2024-05-25,
742,11,4,2026-01-08,
742,60,3,2026-03-15,
743,23,5,2025-12-06,Worth every rupee and every hour of travel.
743,62,4,2026-01-18,"Great trip, plan more days than we did."
743,57,2,2024-11-09,
743,35,4,2024-04-09,
743,33,3,2025-07-03,"Decent, but not what I expected."
743,11,3,2023-12-24,"Decent, but not what I expected."
743,18,5,2025-02-22,
743,14,3,2025-02-18,Fine for a short stop.
743,15,4,2024-09-04,
743,13,4,2024-11-11,
743,31,4,2023-01-22,
743,46,4,2024-07-25,
743,41,4,2025-04-26,
743,36,2,2024-03-17,
743,30,5,2025-05-18,
743,52,3,2024-02-06,"Some parts were great, others forgettable."
743,27,3,2026-05-16,
743,26,3,2025-01-04,
743,37,3,2024-06-13,
743,10,3,2026-02-26,"Some parts were great, others forgettable."
743,38,3,2025-12-16,
743,60,4,2025-01-01,
744,39,3,2024-01-21,
744,11,4,2024-11-11,
744,59,4,2025-05-11,
744,8,4,2025-03-21,
744,4,4,2025-10-28,"Lovely place, food was a highlight."
744,47,3,2025-09-13,
744,40,3,2025-03-01,
744,33,4,2025-08-23,
744,60,2,2025-02-11,Weather spoiled most of the visit.
744,27,4,2025-05-19,
744,57,3,2025-11-25,
745,47,5,2024-09-12,Worth every rupee and every hour of travel.
745,59,5,2025-12-21,
745,46,5,2024-08-05,
746,11,3,2023-12-22,
746,65,2,2025-01-02,
746,23,4,2023-04-19,"Great trip, plan more days than we did."
747,46,5,2024-09-23,Worth every rupee and every hour of travel.
747,23,5,2023-06-02,
747,2,3,2025-02-06,
747,45,5,2025-05-13,"Unforgettable, would go again tomorrow."
748,38,5,2025-12-09,
748,36,4,2025-01-23,
748,3,3,2024-02-11,Fine for a short stop.
749,18,3,2023-04-06,"Decent, but not what I expected."
749,20,5,2025-10-19,"Unforgettable, would go again tomorrow."
749,66,5,2026-02-06,
749,42,5,2024-03-25,
749,30,4,2026-06-21,
750,31,4,2023-03-06,
750,22,4,2025-10-04,
750,41,5,2025-10-07,
750,58,4,2025-10-19,"Lovely place, food was a highlight."
751,64,3,2024-03-13,"Some parts were great, others forgettable."
751,23,3,2024-09-18,
751,21,4,2024-03-04,
751,60,5,2023-02-26,
751,5,2,2023-12-20,
751,29,4,2023-03-15,"Great trip, plan more days than we did."
751,38,3,2026-06-06,"Decent, but not what I expected."
752,29,5,2026-05-28,
752,1,4,2023-10-22,"Lovely place, food was a highlight."
752,45,4,2025-02-04,
752,3,4,2025-11-18,"Really enjoyed it, a few crowded spots."
752,12,5,2023-10-07,
752,35,5,2025-05-20,
753,49,4,2023-10-19,
753,60,5,2026-04-18,Worth every rupee and every hour of travel.
753,43,5,2023-09-24,Worth every rupee and every hour of travel.
753,31,5,2026-03-08,Worth every rupee and every hour of travel.
753,35,4,2023-05-14,
753,45,3,2024-12-26,
753,3,4,2023-11-09,
754,36,4,2026-02-10,
754,26,3,2025-02-16,
754,31,5,2024-03-05,
754,9,4,2026-01-03,
754,30,5,2025-11-17,"Unforgettable, would go again tomorrow."
754,14,5,2024-01-23,
754,23,4,2026-05-22,
754,4,4,2024-12-13,"Great trip, plan more days than we did."
755,53,3,2025-07-17,
755,12,2,2025-12-17,
755,8,4,2024-10-22,
755,64,3,2023-06-24,"Decent, but not what I expected."
756,36,5,2024-02-22,Easily one of my best trips.
756,8,5,2025-07-14,
756,66,5,2023-11-27,
756,64,5,2024-12-09,
756,2,5,2025-12-25,
756,33,5,2024-09-20,
757,6,4,2025-11-16,
757,18,4,2025-03-05,
757,23,5,2023-04-11,
757,52,4,2024-12-20,
757,12,5,2024-07-22,
757,41,4,2024-04-13,"Really enjoyed it, a few crowded spots."
757,65,4,2024-11-26,
757,3,3,2026-01-16,Fine for a short stop.
757,42,4,2025-08-15,
757,31,3,2026-05-25,
757,13,4,2026-03-08,
758,42,4,2023-02-18,
758,64,5,2025-03-22,Easily one of my best trips.
758,47,5,2026-03-20,Worth every rupee and every hour of travel.
758,60,4,2025-04-04,"Really enjoyed it, a few crowded spots."
758,43,5,2024-02-27,Easily one of my best trips.
758,7,5,2026-02-28,
759,65,5,2023-02-17,
759,1,5,2023-01-08,
759,4,5,2024-04-04,
760,20,5,2025-01-02,"Unforgettable, would go again tomorrow."
760,42,5,2025-11-23,
760,61,3,2024-11-10,Fine for a short stop.
760,23,4,2025-06-18,
760,66,4,2025-08-04,"Lovely place, food was a highlight."
760,38,2,2026-04-21,
760,59,3,2025-10-11,
761,9,1,2024-01-21,
761,19,3,2025-10-11,
761,57,4,2026-04-17,"Really enjoyed it, a few crowded spots."
761,65,5,2025-10-23,Easily one of my best trips.
761,21,3,2024-12-07,
761,42,4,2023-02-04,
761,30,2,2026-05-03,
761,3,3,2025-06-04,
761,50,3,2026-05-05,
761,51,4,2025-01-10,
761,23,4,2025-06-15,
761,1,3,2025-10-21,"Decent, but not what I expected."
761,62,3,2025-11-05,"Some parts were great, others forgettable."
761,46,4,2024-09-09,"Great trip, plan more days than we did."
761,20,4,2026-02-16,
761,63,5,2023-01-27,
761,58,4,2025-11-04,
762,19,5,2024-05-26,
762,62,5,2025-10-23,
762,45,5,2025-04-07,
763,14,4,2025-10-28,
763,7,5,2024-08-25,
763,60,5,2025-01-19,
763,35,4,2024-10-12,
763,43,4,2024-11-28,
763,19,4,2024-11-10,
763,30,4,2025-12-08,
764,15,3,2023-10-08,"Some parts were great, others forgettable."
764,14,4,2024-11-17,"Lovely place, food was a highlight."
764,52,4,2025-07-21,
764,47,2,2025-01-04,
764,18,3,2023-05-21,
764,65,5,2024-01-19,
764,25,4,2024-02-09,
764,60,3,2023-01-13,
765,11,5,2026-02-18,Easily one of my best trips.
765,28,3,2024-06-03,"Some parts were great, others forgettable."
765,12,5,2025-11-04,
765,41,2,2023-11-10,
765,17,2,2023-09-08,
765,19,5,2023-11-14,Worth every rupee and every hour of travel.
765,26,4,2023-02-20,
766,33,4,2026-04-10,
766,12,3,2023-10-20,
766,52,5,2025-11-22,
766,36,5,2025-10-14,
766,1,4,2026-02-10,
766,43,3,2024-01-16,
766,32,3,2025-05-16,Fine for a short stop.
766,34,3,2025-10-15,"Some parts were great, others forgettable."
766,3,3,2025-11-05,"Some parts were great, others forgettable."
766,65,4,2025-12-24,
766,2,4,2023-11-28,"Lovely place, food was a highlight."
766,8,5,2025-11-03,
766,37,3,2026-03-05,
766,64,5,2023-11-13,"Unforgettable, would go again tomorrow."
767,60,3,2024-05-25,
767,12,4,2025-10-05,
767,3,4,2024-03-01,
767,19,5,2025-02-24,
767,14,4,2023-01-03,"Really enjoyed it, a few crowded spots."
767,11,5,2023-10-15,
767,55,2,2025-12-19,
767,62,3,2025-10-08,"Some parts were great, others forgettable."
767,10,5,2024-01-23,
767,23,3,2025-09-18,
767,36,3,2023-05-22,
767,8,5,2026-01-10,
767,66,4,2024-02-23,"Really enjoyed it, a few crowded spots."
767,4,4,2025-11-09,
767,26,4,2026-01-26,"Lovely place, food was a highlight."
767,58,4,2025-06-12,
767,64,5,2025-01-20,"Unforgettable, would go again tomorrow."
767,57,4,2024-03-10,"Lovely place, food was a highlight."
768,14,5,2025-10-16,Easily one of my best trips.
768,26,4,2025-02-05,
768,19,5,2025-02-18,
768,16,5,2025-12-17,"Unforgettable, would go again tomorrow."
769,23,4,2025-10-09,"Great trip, plan more days than we did."
769,20,2,2023-02-23,
769,52,4,2026-03-19,
769,59,3,2024-05-06,
769,28,5,2023-05-09,Worth every rupee and every hour of travel.
769,11,5,2023-01-18,
769,49,5,2024-10-01,"Unforgettable, would go again tomorrow."
769,15,2,2024-03-19,Would not prioritise this again.
769,62,5,2023-03-03,
769,65,4,2024-11-23,"Really enjoyed it, a few crowded spots."
770,43,5,2024-10-19,
770,18,2,2024-03-13,
770,11,4,2025-12-28,"Really enjoyed it, a few crowded spots."
770,34,2,2024-11-16,Weather spoiled most of the visit.
770,50,2,2025-10-28,
770,60,4,2025-03-01,"Really enjoyed it, a few crowded spots."
770,33,4,2023-06-19,
770,59,4,2024-10-18,"Really enjoyed it, a few crowded spots."
770,20,5,2025-01-27,
770,58,4,2023-05-02,"Great trip, plan more days than we did."
771,60,5,2024-02-25,
771,41,5,2024-04-25,
771,7,5,2023-11-12,
771,35,5,2023-11-07,
771,29,4,2026-03-02,"Lovely place, food was a highlight."
771,43,4,2023-01-18,
771,23,4,2025-11-02,
771,53,4,2023-07-23,
771,62,2,2025-11-01,Weather spoiled most of the visit.
771,58,4,2024-06-05,"Great trip, plan more days than we did."
771,14,5,2024-11-21,Worth every rupee and every hour of travel.
771,30,3,2025-11-06,
771,12,3,2026-02-22,
771,21,3,2026-03-06,
771,25,4,2026-01-20,"Great trip, plan more days than we did."
772,23,4,2025-02-18,
772,43,4,2025-12-13,"Great trip, plan more days than we did."
772,20,5,2025-11-15,
772,47,5,2023-12-21,
773,30,5,2024-05-25,
773,34,5,2023-05-22,
773,29,5,2025-01-08,
774,23,3,2026-06-18,"Decent, but not what I expected."
774,43,4,2024-11-13,"Great trip, plan more days than we did."
774,1,4,2023-09-25,"Really enjoyed it, a few crowded spots."
774,21,5,2026-01-26,
774,7,4,2023-01-07,"Lovely place, food was a highlight."
774,24,4,2025-10-06,
774,60,3,2024-03-02,Fine for a short stop.
774,58,5,2025-04-05,Easily one of my best trips.
775,43,5,2025-12-02,
775,1,3,2024-03-08,
775,27,4,2025-09-27,
775,42,2,2024-11-18,
775,25,4,2025-12-21,
775,60,4,2025-01-08,
775,63,3,2025-03-18,
775,30,4,2025-04-04,
775,17,3,2023-02-15,
775,14,4,2025-12-18,
775,33,4,2023-09-08,
775,61,2,2025-11-01,
775,18,2,2023-06-08,Would not prioritise this again.
775,38,3,2024-11-22,
775,41,3,2025-03-19,
775,37,3,2023-03-04,Fine for a short stop.
776,42,4,2024-10-28,
776,65,5,2024-02-19,
776,4,5,2026-01-17,"Unforgettable, would go again tomorrow."
777,64,4,2023-11-02,
777,16,5,2025-10-28,
777,60,5,2025-02-28,
777,45,3,2023-11-15,
777,21,4,2025-01-27,
777,17,5,2026-02-27,
777,1,3,2026-03-18,
778,52,5,2023-08-15,
778,62,5,2025-11-20,
778,9,5,2025-11-18,"Unforgettable, would go again tomorrow."
778,23,5,2026-04-23,
778,31,5,2023-04-22,
778,38,4,2024-05-24,
778,26,4,2023-01-18,
778,18,3,2025-03-22,Fine for a short stop.
778,65,5,2024-12-01,
778,50,5,2024-01-08,Easily one of my best trips.
778,42,4,2026-01-15,"Really enjoyed it, a few crowded spots."
778,30,5,2023-06-05,"Unforgettable, would go again tomorrow."
778,32,4,2025-10-11,
778,4,3,2024-02-03,
778,46,2,2023-06-21,
778,29,4,2023-03-01,
778,14,5,2025-02-18,
778,61,5,2025-02-05,
778,49,4,2023-02-08,"Lovely place, food was a highlight."
778,13,4,2025-12-02,
778,15,5,2023-12-13,
778,34,5,2025-10-25,
778,10,3,2025-03-14,
779,26,3,2023-03-05,
779,64,4,2024-07-02,
779,17,5,2025-12-01,
780,11,5,2025-10-27,
780,45,4,2026-02-07,"Great trip, plan more days than we did."
780,49,5,2025-12-03,
780,64,4,2026-02-10,"Really enjoyed it, a few crowded spots."
781,49,4,2024-04-15,
781,28,5,2025-09-27,
781,46,5,2024-06-05,
781,62,5,2023-01-21,
782,1,4,2025-08-11,"Lovely place, food was a highlight."
782,52,5,2026-02-02,
782,46,3,2023-10-12,
782,65,4,2024-11-24,
782,10,4,2023-11-05,
782,26,4,2024-12-06,
782,28,5,2025-08-23,
782,6,3,2025-12-14,"Some parts were great, others forgettable."
782,12,4,2025-10-18,"Really enjoyed it, a few crowded spots."
782,57,3,2025-02-09,"Decent, but not what I expected."
782,11,5,2026-01-12,
782,3,4,2023-02-01,
782,49,4,2024-04-11,"Really enjoyed it, a few crowded spots."
782,14,5,2025-11-07,"Unforgettable, would go again tomorrow."
782,62,3,2023-12-20,Fine for a short stop.
782,61,4,2023-11-11,"Really enjoyed it, a few crowded spots."
783,41,5,2024-04-03,
783,32,5,2025-04-14,
783,62,4,2025-11-17,
783,43,4,2026-03-17,
783,60,4,2023-04-08,
783,19,5,2023-01-10,
783,10,5,2024-11-15,
783,49,3,2025-11-04,"Decent, but not what I expected."
783,54,5,2023-02-20,"Unforgettable, would go again tomorrow."
783,53,4,2023-10-25,"Great trip, plan more days than we did."
784,14,4,2024-02-21,
784,4,4,2023-03-11,
784,60,3,2026-03-18,
784,20,3,2026-01-11,Fine for a short stop.
784,52,3,2026-02-15,
785,52,4,2025-02-04,
785,60,3,2024-01-18,
785,46,5,2025-08-01,
785,42,4,2023-10-11,
785,1,4,2023-10-11,
785,3,4,2025-10-18,
785,21,3,2024-03-24,
786,10,2,2026-01-19,
786,35,4,2023-09-25,"Great trip, plan more days than we did."
786,22,3,2026-06-23,Fine for a short stop.
786,52,2,2025-09-23,
787,25,4,2026-02-27,
787,1,5,2025-02-11,
787,45,4,2023-05-22,
788,64,5,2024-10-15,
788,48,4,2026-05-28,
788,66,4,2024-02-09,
788,11,2,2026-01-25,
788,32,4,2023-06-06,
788,41,5,2025-10-12,
788,8,3,2023-01-09,
788,12,2,2025-08-23,
789,64,5,2024-05-28,Worth every rupee and every hour of travel.
789,20,2,2025-02-23,
789,41,5,2025-11-10,
789,16,5,2025-12-26,
789,25,4,2024-02-18,
789,22,4,2023-01-20,
789,23,4,2025-09-11,
789,31,5,2024-12-21,Worth every rupee and every hour of travel.
789,12,5,2023-08-19,
789,65,5,2023-11-12,
789,57,4,2025-10-25,
789,48,5,2024-03-16,
789,66,3,2023-09-04,"Decent, but not what I expected."
789,9,4,2023-02-27,"Great trip, plan more days than we did."
789,14,5,2025-06-17,
789,54,5,2025-03-15,
789,43,4,2024-06-08,
789,32,5,2026-02-07,
789,62,3,2023-11-15,Fine for a short stop.
789,24,5,2026-02-28,"Unforgettable, would go again tomorrow."
789,8,3,2025-01-05,
789,60,5,2023-12-14,
789,18,4,2024-10-18,"Really enjoyed it, a few crowded spots."
790,31,5,2025-06-13,
790,44,5,2024-05-09,"Unforgettable, would go again tomorrow."
790,9,5,2025-12-01,
790,33,3,2023-06-14,
790,23,5,2023-06-03,
790,38,4,2024-01-07,
790,43,5,2024-08-16,"Unforgettable, would go again tomorrow."
790,45,4,2026-01-08,
791,32,5,2025-06-28,"Unforgettable, would go again tomorrow."
791,64,5,2024-02-06,Easily one of my best trips.
791,48,3,2025-03-09,"Decent, but not what I expected."
791,36,5,2023-03-11,
792,63,4,2024-01-19,
792,60,3,2026-01-14,
792,11,4,2024-11-26,
792,64,3,2026-01-09,
793,20,5,2025-11-07,
793,49,5,2024-12-07,
793,42,5,2025-02-11,
793,47,4,2024-05-11,
793,59,4,2024-05-11,
793,43,5,2025-01-21,
794,32,5,2024-02-03,
794,60,4,2025-03-07,
794,64,5,2026-01-04,Worth every rupee and every hour of travel.
795,16,5,2025-11-07,
795,49,3,2023-11-18,Fine for a short stop.
795,63,4,2025-03-03,
795,14,3,2025-09-15,"Some parts were great, others forgettable."
795,31,4,2025-06-12,
795,64,2,2026-01-17,
795,51,3,2024-11-28,Fine for a short stop.
795,20,4,2023-04-16,
796,18,3,2025-11-22,"Decent, but not what I expected."
796,21,3,2023-12-22,
796,2,4,2025-02-15,"Really enjoyed it, a few crowded spots."
796,42,3,2025-02-07,"Some parts were great, others forgettable."
796,49,5,2026-04-21,"Unforgettable, would go again tomorrow."
796,9,2,2024-03-02,
796,26,5,2026-03-11,Worth every rupee and every hour of travel.
796,50,4,2026-01-04,
796,46,3,2025-07-13,
797,18,5,2026-02-24,Worth every rupee and every hour of travel.
797,23,4,2023-09-21,
797,1,3,2025-12-27,"Decent, but not what I expected."
797,9,4,2025-10-26,
798,20,5,2023-12-11,Worth every rupee and every hour of travel.
798,66,5,2025-02-19,
798,42,5,2023-02-08,
798,50,5,2026-03-12,Easily one of my best trips.
798,49,4,2025-12-10,"Great trip, plan more days than we did."
798,31,4,2025-08-15,
798,23,4,2023-05-11,
798,33,3,2025-07-24,"Decent, but not what I expected."
798,64,4,2025-02-26,
798,26,3,2023-02-28,"Some parts were great, others forgettable."
798,43,4,2025-01-28,
798,58,5,2024-01-14,Easily one of my best trips.
799,31,5,2024-12-10,
799,60,5,2023-02-16,Easily one of my best trips.
799,43,5,2024-06-03,
799,14,3,2023-11-22,
800,6,3,2026-01-13,"Decent, but not what I expected."
800,29,5,2026-01-10,Easily one of my best trips.
800,57,5,2023-12-26,
800,21,3,2025-10-28,
800,62,3,2025-11-14,
800,17,3,2026-01-09,"Decent, but not what I expected."
800,34,3,2024-09-05,Fine for a short stop.
800,45,5,2026-05-22,
800,38,1,2024-04-22,
800,16,2,2023-01-14,
